-- phpMyAdmin SQL Dump
-- version 4.8.5
-- https://www.phpmyadmin.net/
--
-- Host: localhost:3306
-- Generation Time: Jul 26, 2019 at 05:33 AM
-- Server version: 5.6.44
-- PHP Version: 7.2.7

SET SQL_MODE = "NO_AUTO_VALUE_ON_ZERO";
SET AUTOCOMMIT = 0;
START TRANSACTION;
SET time_zone = "+00:00";


/*!40101 SET @OLD_CHARACTER_SET_CLIENT=@@CHARACTER_SET_CLIENT */;
/*!40101 SET @OLD_CHARACTER_SET_RESULTS=@@CHARACTER_SET_RESULTS */;
/*!40101 SET @OLD_COLLATION_CONNECTION=@@COLLATION_CONNECTION */;
/*!40101 SET NAMES utf8mb4 */;

--
-- Database: `vooap_active_destribution`
--

-- --------------------------------------------------------

--
-- Table structure for table `contactuses`
--

CREATE TABLE `contactuses` (
  `id` int(11) NOT NULL,
  `companyname` varchar(255) NOT NULL,
  `firstname` varchar(255) NOT NULL,
  `lastname` varchar(255) NOT NULL,
  `email` varchar(255) NOT NULL,
  `mobile` int(11) NOT NULL,
  `markit_distribution` varchar(255) NOT NULL,
  `message` text NOT NULL,
  `created_at` timestamp NOT NULL DEFAULT CURRENT_TIMESTAMP,
  `updated_at` timestamp NOT NULL DEFAULT CURRENT_TIMESTAMP ON UPDATE CURRENT_TIMESTAMP
) ENGINE=InnoDB DEFAULT CHARSET=latin1;

--
-- Dumping data for table `contactuses`
--

INSERT INTO `contactuses` (`id`, `companyname`, `firstname`, `lastname`, `email`, `mobile`, `markit_distribution`, `message`, `created_at`, `updated_at`) VALUES
(1, 'Test', '', '', 'ankurthakur211@gmail.com', 2147483647, 'vfdv', 'test', '2019-01-30 23:36:07', '2019-01-30 23:36:07'),
(2, 'Test', '', '', 'ankurthakur211@gmail.com', 2147483647, 'vfdv', 'cdcsc', '2019-01-30 23:38:38', '2019-01-30 23:38:38'),
(3, 'Test', '', '', 'ankurthakur211@gmail.com', 212123123, 'vfdv', 'test', '2019-02-14 07:43:03', '2019-02-14 07:43:03'),
(4, 'dsfdsafdsafdsaf', 'raman', 'dddddd', 'test11@yopmail.com', 2147483647, '', 'wfrewrewqr', '2019-04-24 11:05:51', '2019-04-24 11:05:51');

-- --------------------------------------------------------

--
-- Table structure for table `contact_infos`
--

CREATE TABLE `contact_infos` (
  `id` int(11) NOT NULL,
  `user_id` int(11) NOT NULL,
  `companyname` varchar(255) NOT NULL,
  `firstname` varchar(255) NOT NULL,
  `lastname` varchar(255) NOT NULL,
  `phone` varchar(255) NOT NULL,
  `message` text NOT NULL,
  `created_at` timestamp NOT NULL DEFAULT CURRENT_TIMESTAMP ON UPDATE CURRENT_TIMESTAMP
) ENGINE=InnoDB DEFAULT CHARSET=latin1;

--
-- Dumping data for table `contact_infos`
--

INSERT INTO `contact_infos` (`id`, `user_id`, `companyname`, `firstname`, `lastname`, `phone`, `message`, `created_at`) VALUES
(1, 30, 'Honda', 'Ankiee', 'Thakur', '98161262689', 'This is for testing', '2019-01-31 06:49:00'),
(2, 30, 'Honda', 'Ankiee', 'Thakur', '98161262689', 'This is for testing', '2019-01-31 06:49:23'),
(3, 35, 'gugiyhi', 'fufug', 'ufyfug', '4545558653', 'jvjguhih', '2019-01-31 11:42:33'),
(4, 35, 'nn', 'nn', 'hy', '5555555556', 'hhj', '2019-01-31 11:43:50'),
(5, 35, 'hello', 'xgick', 'gjhj', '4575863686', 'jvjvjhh', '2019-02-07 09:49:22'),
(6, 35, 'G jg', 'hjhj', 'gyf', '5457575464', 'vhgug', '2019-02-07 09:51:03'),
(7, 35, 'G jg', 'fy', 'hh', '4467673434', 'chhi', '2019-02-07 09:53:04'),
(8, 52, 'tesr', 'harry', 'watsin', '9592234411', 'test data dumny user.', '2019-02-11 07:26:10'),
(9, 30, 'Honda', 'Ankiee', 'Thakur', '98161262689', 'This is for testing', '2019-02-11 12:58:43'),
(10, 30, 'Honda', 'Ankiee', 'Thakur', '98161262689', 'This is for testing', '2019-02-11 12:59:20'),
(11, 30, 'Honda', 'Ankiee', 'Thakur', '98161262689', 'This is for testing', '2019-02-11 13:03:06'),
(12, 30, 'Honda', 'Ankiee', 'Thakur', '98161262689', 'This is for testing', '2019-02-11 13:03:46'),
(13, 69, 'vvhvhh', 'rick', 'lle', '3564898956', 'vvvvvhvvhj', '2019-02-13 12:09:49'),
(14, 73, 'company', 'watson', 'json', '9592234455', 'Hello, contact me', '2019-02-13 12:46:10'),
(15, 73, 'hdhd', 'watson', 'dhhd', '9592234455', 'Hdhdhd djdo', '2019-02-13 12:46:55'),
(16, 73, 'bzb', 'watson', 'hshs', '9592234455', 'Hdhd d', '2019-02-13 12:49:48');

-- --------------------------------------------------------

--
-- Table structure for table `customers`
--

CREATE TABLE `customers` (
  `id` int(11) NOT NULL,
  `user_id` int(11) NOT NULL,
  `job_id` int(11) NOT NULL,
  `zipcode` varchar(255) NOT NULL,
  `name` varchar(255) NOT NULL,
  `last_name` varchar(255) NOT NULL,
  `phone` varchar(255) NOT NULL,
  `email` varchar(255) NOT NULL,
  `flyer_recived_date` varchar(255) NOT NULL,
  `address` varchar(255) NOT NULL,
  `flyer_count` int(11) NOT NULL,
  `created_at` timestamp NOT NULL DEFAULT CURRENT_TIMESTAMP,
  `updated_at` timestamp NOT NULL DEFAULT CURRENT_TIMESTAMP ON UPDATE CURRENT_TIMESTAMP
) ENGINE=InnoDB DEFAULT CHARSET=latin1;

--
-- Dumping data for table `customers`
--

INSERT INTO `customers` (`id`, `user_id`, `job_id`, `zipcode`, `name`, `last_name`, `phone`, `email`, `flyer_recived_date`, `address`, `flyer_count`, `created_at`, `updated_at`) VALUES
(11, 1, 0, '145667', 'customer 1', '', '', '', '', 'sector 17', 0, '2019-02-01 04:24:33', '2019-02-01 04:24:33'),
(20, 86, 88, '144401', 'Raman', 'Sharma', '9988222976', 'raman@yopmail.com', '25-5-19', 'Mohali', 20, '2019-04-17 10:09:41', '2019-04-17 10:09:41'),
(21, 86, 93, '160001', 'Hitesh', 'Sharma', '9988222976', 'raman@gmail.com', '12-04-2019', 'mohali', 25, '2019-04-19 07:52:15', '2019-04-19 07:52:15'),
(22, 86, 103, '160001', 'Harjinder', 'Singh', '9988222976', 'mi@gmail.com', '04/19/2019', 'mohali', 3, '2019-04-19 13:18:25', '2019-04-19 13:18:25');

-- --------------------------------------------------------

--
-- Table structure for table `door_hangers`
--

CREATE TABLE `door_hangers` (
  `id` int(11) NOT NULL,
  `image` varchar(255) NOT NULL,
  `description` text NOT NULL,
  `is_active` enum('ON','OFF') NOT NULL DEFAULT 'OFF',
  `created_at` timestamp NOT NULL DEFAULT CURRENT_TIMESTAMP,
  `updated_at` timestamp NOT NULL DEFAULT CURRENT_TIMESTAMP ON UPDATE CURRENT_TIMESTAMP
) ENGINE=InnoDB DEFAULT CHARSET=latin1;

--
-- Dumping data for table `door_hangers`
--

INSERT INTO `door_hangers` (`id`, `image`, `description`, `is_active`, `created_at`, `updated_at`) VALUES
(13, '/public/web/images/1472355937imgabout_pic.png', 'dsvddsvsdv', 'ON', '2019-02-13 05:29:10', '2019-02-13 12:12:50');

-- --------------------------------------------------------

--
-- Table structure for table `home_about`
--

CREATE TABLE `home_about` (
  `id` int(11) NOT NULL,
  `image` varchar(255) NOT NULL,
  `description` text NOT NULL,
  `is_active` enum('ON','OFF') NOT NULL DEFAULT 'OFF',
  `created_at` timestamp NOT NULL DEFAULT CURRENT_TIMESTAMP,
  `updated_at` timestamp NOT NULL DEFAULT CURRENT_TIMESTAMP ON UPDATE CURRENT_TIMESTAMP
) ENGINE=InnoDB DEFAULT CHARSET=latin1;

--
-- Dumping data for table `home_about`
--

INSERT INTO `home_about` (`id`, `image`, `description`, `is_active`, `created_at`, `updated_at`) VALUES
(3, '/public/web/images/305771527imgdoor_hanger.jpg', 'Heights, Temple Hills, Chevy Chase, Rockville, Potomac, Gaithersburg, Frederick, Hagerstown, Waldorf, Upper Marlboro, Salisbury, College Park, Bowie, Columbia, Annapolis, Baltimore, Towson, Glen Burnie, Ellicott City, Catonsville, Woodlawn, Gywnn Oak, Milford Mill, Lochearn, Pikesville, Owings Mills, Reisterstown, Cockeysville, Towson, Carney, Parkville,', 'ON', '2019-02-13 12:38:55', '2019-02-21 05:44:12');

-- --------------------------------------------------------

--
-- Table structure for table `home_sliders`
--

CREATE TABLE `home_sliders` (
  `id` int(11) NOT NULL,
  `image` varchar(255) NOT NULL,
  `content` text NOT NULL,
  `created_at` timestamp NOT NULL DEFAULT CURRENT_TIMESTAMP,
  `updated_at` timestamp NOT NULL DEFAULT CURRENT_TIMESTAMP ON UPDATE CURRENT_TIMESTAMP
) ENGINE=InnoDB DEFAULT CHARSET=latin1;

--
-- Dumping data for table `home_sliders`
--

INSERT INTO `home_sliders` (`id`, `image`, `content`, `created_at`, `updated_at`) VALUES
(6, '/public/web/images/1199148013imgbanner1.jpg', 'Door to Door Flyer Delivery with GPS Tracking', '2019-02-12 09:13:34', '2019-02-12 09:13:34'),
(7, '/public/web/images/2066962080imgbanner2.jpg', 'Door to Door Flyer Delivery with GPS Tracking', '2019-02-12 09:17:10', '2019-02-12 09:17:10');

-- --------------------------------------------------------

--
-- Table structure for table `jobs`
--

CREATE TABLE `jobs` (
  `id` int(10) NOT NULL,
  `job_name` varchar(255) COLLATE utf8mb4_unicode_ci DEFAULT NULL,
  `flyers` varchar(255) COLLATE utf8mb4_unicode_ci DEFAULT NULL,
  `image` varchar(255) COLLATE utf8mb4_unicode_ci NOT NULL,
  `job_number` varchar(255) COLLATE utf8mb4_unicode_ci NOT NULL,
  `created_at` timestamp NULL DEFAULT CURRENT_TIMESTAMP,
  `updated_at` timestamp NULL DEFAULT CURRENT_TIMESTAMP ON UPDATE CURRENT_TIMESTAMP
) ENGINE=InnoDB DEFAULT CHARSET=utf8mb4 COLLATE=utf8mb4_unicode_ci;

--
-- Dumping data for table `jobs`
--

INSERT INTO `jobs` (`id`, `job_name`, `flyers`, `image`, `job_number`, `created_at`, `updated_at`) VALUES
(48, 'job2', '1000', '/public/uploads/2144522603ndr.png', '#4pyL7cqh', '2019-01-31 11:28:45', '2019-02-11 07:42:43'),
(49, 'job3', '600', '/public/uploads/1270213037makeup.png', '#HP6ieUV3', '2019-01-31 12:26:04', '2019-01-31 12:26:04'),
(50, 'test', '300', '/public/uploads/1475318971other-min.png', '#uUOpS0TX', '2019-02-04 12:20:16', '2019-02-04 13:34:59'),
(51, 'test5', '78', '/public/uploads/2029884993ndr.png', '#AIC7bqsQ', '2019-02-04 13:36:21', '2019-02-04 13:36:54'),
(52, 'job5', '233', '/public/uploads/1781541945Background.png', '#NKZn2sZR', '2019-02-05 04:38:04', '2019-02-05 04:38:04'),
(53, 'job6', '500', '/public/uploads/599544nails.png', '#9lS6q4XV', '2019-02-05 04:38:40', '2019-02-05 04:38:40'),
(54, 'job7', '4446464646646464', '', '#19acJAHz', '2019-02-05 04:39:46', '2019-02-11 11:28:40'),
(55, 'job9', '1000', '/public/uploads/1297819721Background.png', '#VuesijQp', '2019-02-05 04:40:37', '2019-02-05 04:40:37'),
(56, 'job10', '355', '/public/uploads/881721246Background.png', '#kR1yGfIs', '2019-02-05 04:43:18', '2019-02-05 04:43:18'),
(57, 'job11', '1000', '', '#sQVQzuIR', '2019-02-05 04:44:18', '2019-02-05 04:44:18'),
(58, 'job12', '1000', '/public/uploads/520203983Background.png', '#3xHzGMWb', '2019-02-05 04:54:38', '2019-02-05 04:54:38'),
(59, 'dffsfs', '1000', '/public/uploads/18408119943ndr.png', '#A3GBV0mQ', '2019-02-05 04:55:23', '2019-02-05 04:55:23'),
(60, 'test56', '455', '/public/uploads/2130535527makeup.png', '#2zxJOY2K', '2019-02-05 04:56:17', '2019-02-05 04:56:17'),
(61, 'test233', '344', '/public/uploads/186900071ic_launcher-web.png', '#ytVnaZov', '2019-02-05 04:57:52', '2019-02-05 04:57:52'),
(62, 'job11', '344', '/public/uploads/422947893Background.png', '#X7G7PrEp', '2019-02-05 05:05:37', '2019-02-05 05:05:37'),
(63, 'test1234', '455', '/public/uploads/6336446093ndr.png', '#c6dBrSB6', '2019-02-08 09:47:17', '2019-02-08 09:47:17'),
(64, 'test321', '333', '/public/uploads/1672923544Background.png', '#Lz5Xtffr', '2019-02-11 09:44:51', '2019-02-11 09:44:51'),
(65, 'test33333', '100', '/public/uploads/597711328makeup.png', '#23vs0s8y', '2019-02-11 10:17:54', '2019-02-11 10:25:39'),
(66, 'sdf', '45345', '/public/uploads/2018265626imageu.jpeg', '#768XM8Mo', '2019-02-11 12:08:13', '2019-02-11 12:08:13'),
(67, 'sdf', '45345', '/public/uploads/561813447imageu.jpeg', '#768XM8Mo', '2019-02-11 12:09:18', '2019-02-11 12:09:18'),
(69, 'test123321', '123', '/public/uploads/1530649196plan-bg.jpg', '#1VdcrUHf', '2019-02-12 09:27:00', '2019-02-12 09:27:00'),
(72, 'Manish', '4000', '/public/uploads/780257096job-image1.jpg', '#eZ7ppqSB', '2019-02-13 05:24:54', '2019-02-13 05:25:12'),
(73, 'Test Job', '15', '/public/uploads/1783481197images.jpg', '#xnHWb5ee', '2019-02-13 09:47:01', '2019-02-13 09:47:01'),
(74, 'test321', '111', '/public/uploads/1145311035job-image1.jpg', '#5BqKXpja', '2019-02-14 12:16:51', '2019-02-14 12:16:51'),
(75, 'Test new job add admin panel', '15', '/public/uploads/570048506index.jpg', '#EBb4nHby', '2019-02-20 14:29:33', '2019-02-21 04:40:32'),
(81, 'SaMirakle Test (3/12/19)', '100', '', '#cZWSOqLK', '2019-03-13 04:48:05', '2019-03-13 04:48:05'),
(82, 'SaMirakle Test 2', '5000', '/public/uploads/1845670123Active Dist Logo 2.png', '#Ig9FVxPb', '2019-03-13 19:16:36', '2019-03-13 19:16:36'),
(83, 'Oreohno Test 3', '1000', '', '#qc9MIQ78', '2019-04-03 15:23:33', '2019-04-03 15:23:33'),
(84, 'dummy job', '100', '/public/uploads/2021948936ar-vr-microsoft-hololens-810x456.jpg', '#1BsBUPAX', '2019-04-11 09:25:31', '2019-04-11 09:25:31'),
(85, 'Rick new job', '2500', '/public/uploads/1431184384Artoolkit-logo.jpg', '#cOuNq47A', '2019-04-11 09:31:58', '2019-04-11 09:31:58'),
(86, 'sdf', '20', '/public/uploads/1750510988Music1.jpg', '#jTYBM21g', '2019-04-11 10:30:23', '2019-04-11 11:32:12'),
(87, 'ABhishek Testing', '23', '/public/uploads/5457280301_events_list.png', '#kf1m1cBf', '2019-04-11 11:56:44', '2019-04-11 11:56:44'),
(88, 'Abhishek is testing', '12', '/public/uploads/850561998_attending_event_detail.png', '#YYfXXPhM', '2019-04-11 12:11:34', '2019-04-11 12:11:34'),
(89, 'testing flyers', '25000', '/public/uploads/743166348ar-vr-microsoft-hololens-810x456.jpg', '#3rLj6FRn', '2019-04-15 09:30:50', '2019-04-15 09:30:50'),
(90, 'IPL', '1200', '/public/uploads/861716225Artoolkit-logo.jpg', '#qswKi4ci', '2019-04-15 11:00:52', '2019-04-15 11:00:52'),
(91, 'IPL1', '2500', '/public/uploads/820105505augmented-reality-deep-analysis-1200x705.jpg', '#VG3mAtzo', '2019-04-15 11:30:30', '2019-04-15 11:30:30'),
(92, 'IPL2', '1200', '/public/uploads/294515555Artoolkit-logo.jpg', '#8sXXrHxe', '2019-04-15 11:31:03', '2019-04-15 11:31:03'),
(93, 'patti', '15', '/public/uploads/1001195785AR-img-21.png', '#LxloeelF', '2019-04-17 11:24:49', '2019-04-17 11:24:49'),
(94, 'Makhu', '2500', '/public/uploads/140048630Augmented-Reality-Image.jpg', '#XRzXso4S', '2019-04-19 11:22:35', '2019-04-19 11:22:35'),
(95, 'IPL', '250', '', '#3W0oDCC0', '2019-04-19 11:45:45', '2019-04-19 11:45:45'),
(96, 'CCL', '12', '/public/uploads/1030303258Augmented-Reality-Image1.png', '#P8YJSLp9', '2019-04-19 11:52:23', '2019-04-19 11:52:23'),
(97, 'CPL', '12', '/public/uploads/519721721Augmented-Reality-Image.jpg', '#JfRsc4Ng', '2019-04-19 12:12:40', '2019-04-19 12:12:40'),
(98, 'Harike', '12', '/public/uploads/846940633wp2429386.jpg', '#QU4bzzFJ', '2019-04-19 12:25:52', '2019-04-19 12:25:52'),
(99, 'CLL', '11', '/public/uploads/1779912721Augmented-Reality-Image1.png', '#2hJb5LVa', '2019-04-19 12:57:57', '2019-04-19 12:57:57'),
(100, 'LG', '12', '/public/uploads/1303752967wp2429386.jpg', '#4PB9UwjD', '2019-04-19 13:02:04', '2019-04-19 13:02:04'),
(101, 'SAMSUNG', '22', '/public/uploads/1910227557beacon.jpg', '#fBgWHThP', '2019-04-19 13:07:15', '2019-04-19 13:07:15'),
(102, 'LOYLLED', '22', '/public/uploads/1740417631Augmented-Reality-Image.jpg', '#QdusM6Vj', '2019-04-19 13:09:27', '2019-04-19 13:09:27'),
(103, 'Panasonic', '12', '/public/uploads/74929882Augmented-Reality-Image.jpg', '#YCfNifO3', '2019-04-19 13:11:19', '2019-04-19 13:11:19'),
(104, 'Oreohno Test 3', '5000', '', '#nT3SCsCP', '2019-04-28 19:49:43', '2019-04-28 19:49:43'),
(105, 'Logicted', '12', '/public/uploads/1492780859augmented-reality-deep-analysis-1200x705.jpg', '#cP1qYVaB', '2019-05-29 05:39:35', '2019-05-29 05:39:35'),
(106, 'pop', '11', '/public/uploads/1206734336ar-vr-microsoft-hololens-810x456.jpg', '#qgCneRg8', '2019-05-29 06:04:22', '2019-05-29 06:04:22'),
(107, 'Chd', '10', '/public/uploads/1776407188man1.jpg', '#2UxGfTRW', '2019-05-29 11:14:23', '2019-05-29 12:00:52'),
(108, 'Test', '50', '/public/uploads/67913566images.jpg', '#CAAfju2x', '2019-05-29 12:02:36', '2019-05-29 12:02:36'),
(109, 'new job', '25', '/public/uploads/1788165359images.jpg', '#e24Dfzfj', '2019-05-29 12:32:13', '2019-05-29 12:32:13'),
(110, 'Limca', '12', '/public/uploads/190414820642892281_1071563869677776_1050390215660666880_n.jpg', '#M4C5qsjB', '2019-06-05 12:10:18', '2019-06-05 12:10:18'),
(111, 'fanta', '12', '/public/uploads/483129434217216135.jpg', '#AVvDazi3', '2019-06-05 12:12:30', '2019-06-05 12:12:30'),
(112, 'Test #5', '1000', '', '#4nmHpU87', '2019-06-06 00:52:51', '2019-06-06 00:52:51'),
(113, 'CocaCola', '11', '/public/uploads/220757775ar-vr-microsoft-hololens-810x456.jpg', '#EtugziEH', '2019-06-06 14:03:26', '2019-06-06 14:03:26'),
(114, 'SmartPhone', '12', '/public/uploads/212336439AR.png', '#fNFCWBn1', '2019-06-07 07:40:09', '2019-06-07 07:40:09'),
(115, 'opticals', '11', '/public/uploads/334558508wp2429386.jpg', '#VkNh7Bk8', '2019-06-07 08:45:24', '2019-06-07 08:45:24'),
(116, 'Logicted', '12', '/public/uploads/1650764981Artoolkit-logo.jpg', '#GepZsAu0', '2019-06-07 09:00:50', '2019-06-07 09:00:50'),
(117, 'SmartPhone', '12', '/public/uploads/152969161Editor-Sengokurun.jpg', '#90cuVePg', '2019-06-07 09:05:56', '2019-06-07 09:05:56'),
(119, 'SmartPhone', '12', '/public/uploads/489560490ar-vr-microsoft-hololens-810x456.jpg', '#nYlceZNE', '2019-06-07 11:41:57', '2019-06-07 11:41:57');

-- --------------------------------------------------------

--
-- Table structure for table `job_clients`
--

CREATE TABLE `job_clients` (
  `id` int(11) NOT NULL,
  `user_id` int(11) NOT NULL,
  `job_id` int(11) NOT NULL,
  `created_at` timestamp NOT NULL DEFAULT CURRENT_TIMESTAMP,
  `updated_at` timestamp NOT NULL DEFAULT CURRENT_TIMESTAMP ON UPDATE CURRENT_TIMESTAMP
) ENGINE=InnoDB DEFAULT CHARSET=latin1;

--
-- Dumping data for table `job_clients`
--

INSERT INTO `job_clients` (`id`, `user_id`, `job_id`, `created_at`, `updated_at`) VALUES
(13, 39, 61, '2019-02-05 11:40:35', '2019-02-05 11:40:35'),
(16, 39, 56, '2019-02-08 12:42:45', '2019-02-08 12:42:45'),
(18, 33, 49, '2019-02-11 05:47:13', '2019-02-11 05:47:13'),
(36, 28, 85, '2019-04-11 09:32:38', '2019-04-11 09:32:38'),
(37, 86, 88, '2019-04-11 12:11:58', '2019-04-11 12:11:58'),
(39, 33, 90, '2019-04-15 11:30:00', '2019-04-15 11:30:00'),
(42, 86, 93, '2019-04-17 11:26:14', '2019-04-17 11:26:14'),
(43, 86, 94, '2019-04-19 11:22:45', '2019-04-19 11:22:45'),
(44, 86, 95, '2019-04-19 11:45:51', '2019-04-19 11:45:51'),
(45, 28, 96, '2019-04-19 08:10:20', '2019-04-19 08:10:20'),
(46, 86, 97, '2019-04-19 08:13:25', '2019-04-19 08:13:25'),
(47, 86, 98, '2019-04-19 08:25:58', '2019-04-19 08:25:58'),
(48, 86, 99, '2019-04-19 08:58:04', '2019-04-19 08:58:04'),
(49, 86, 100, '2019-04-19 09:02:10', '2019-04-19 09:02:10'),
(50, 86, 101, '2019-04-19 09:07:24', '2019-04-19 09:07:24'),
(51, 86, 102, '2019-04-19 09:09:33', '2019-04-19 09:09:33'),
(52, 86, 103, '2019-04-19 09:11:24', '2019-04-19 09:11:24');

-- --------------------------------------------------------

--
-- Table structure for table `job_images`
--

CREATE TABLE `job_images` (
  `id` int(11) NOT NULL,
  `job_id` int(11) NOT NULL,
  `image` varchar(255) NOT NULL,
  `is_active` enum('1','0') NOT NULL,
  `created_at` timestamp NOT NULL DEFAULT CURRENT_TIMESTAMP,
  `updated_at` timestamp NOT NULL DEFAULT CURRENT_TIMESTAMP ON UPDATE CURRENT_TIMESTAMP
) ENGINE=InnoDB DEFAULT CHARSET=latin1;

-- --------------------------------------------------------

--
-- Table structure for table `job_locations`
--

CREATE TABLE `job_locations` (
  `id` int(11) NOT NULL,
  `job_id` int(11) NOT NULL,
  `latitude` varchar(255) NOT NULL,
  `longitude` varchar(255) NOT NULL,
  `created_at` timestamp NOT NULL DEFAULT CURRENT_TIMESTAMP,
  `updated_at` timestamp NOT NULL DEFAULT CURRENT_TIMESTAMP ON UPDATE CURRENT_TIMESTAMP
) ENGINE=InnoDB DEFAULT CHARSET=latin1;

--
-- Dumping data for table `job_locations`
--

INSERT INTO `job_locations` (`id`, `job_id`, `latitude`, `longitude`, `created_at`, `updated_at`) VALUES
(402, 49, '30.30574', '77.85651', '2019-02-01 13:27:55', '2019-02-01 13:27:55'),
(403, 49, '30.10962', '77.89222', '2019-02-01 13:27:55', '2019-02-01 13:27:55'),
(404, 49, '30.16662', '78.16138', '2019-02-01 13:27:55', '2019-02-01 13:27:55'),
(405, 49, '30.24733', '78.16686', '2019-02-01 13:27:56', '2019-02-01 13:27:56'),
(438, 50, '30.28231381498771', '77.33560616783382', '2019-02-04 12:20:16', '2019-02-04 12:20:16'),
(439, 50, '30.15415231923127', '77.34796578697444', '2019-02-04 12:20:16', '2019-02-04 12:20:16'),
(440, 50, '30.19807829880206', '77.71188790611507', '2019-02-04 12:20:17', '2019-02-04 12:20:17'),
(441, 50, '30.297729396919536', '77.68442208580257', '2019-02-04 12:20:17', '2019-02-04 12:20:17'),
(450, 51, '30.431624229449515', '77.10789165161134', '2019-02-04 13:36:22', '2019-02-04 13:36:22'),
(451, 51, '30.333294567758518', '77.11750468872071', '2019-02-04 13:36:22', '2019-02-04 13:36:22'),
(452, 51, '30.360552454307314', '77.32075175903321', '2019-02-04 13:36:22', '2019-02-04 13:36:22'),
(453, 51, '30.49672789668604', '77.28779277465821', '2019-02-04 13:36:22', '2019-02-04 13:36:22'),
(474, 52, '30.398463836805615', '77.29191264770509', '2019-02-05 04:38:04', '2019-02-05 04:38:04'),
(475, 52, '30.336850374781612', '77.29603252075196', '2019-02-05 04:38:04', '2019-02-05 04:38:04'),
(476, 52, '30.35225737950451', '77.51163921020509', '2019-02-05 04:38:04', '2019-02-05 04:38:04'),
(477, 52, '30.435176460340383', '77.52125224731446', '2019-02-05 04:38:04', '2019-02-05 04:38:04'),
(478, 53, '30.36292234648652', '77.39078960083009', '2019-02-05 04:38:40', '2019-02-05 04:38:40'),
(479, 53, '30.150589895272326', '77.40452251098634', '2019-02-05 04:38:40', '2019-02-05 04:38:40'),
(480, 53, '30.18571212392919', '78.03348979614259', '2019-02-05 04:38:41', '2019-02-05 04:38:41'),
(481, 53, '30.364796866287143', '77.97581157348634', '2019-02-05 04:38:41', '2019-02-05 04:38:41'),
(487, 55, '30.226560352641954', '77.51850566528321', '2019-02-05 04:40:37', '2019-02-05 04:40:37'),
(488, 55, '30.145745660937408', '77.57406952207441', '2019-02-05 04:40:38', '2019-02-05 04:40:38'),
(489, 55, '30.214599762353075', '77.77319671934004', '2019-02-05 04:40:38', '2019-02-05 04:40:38'),
(490, 55, '30.257312575479215', '77.66608002012129', '2019-02-05 04:40:38', '2019-02-05 04:40:38'),
(495, 57, '30.164838819035246', '77.36469707153321', '2019-02-05 04:44:18', '2019-02-05 04:44:18'),
(496, 57, '30.11911623007186', '77.34615764282228', '2019-02-05 04:44:18', '2019-02-05 04:44:18'),
(497, 57, '30.130400396127282', '77.41550883911134', '2019-02-05 04:44:18', '2019-02-05 04:44:18'),
(498, 57, '30.14376155639282', '77.48863658569337', '2019-02-05 04:44:18', '2019-02-05 04:44:18'),
(499, 57, '30.185614808173106', '77.4519010510254', '2019-02-05 04:44:18', '2019-02-05 04:44:18'),
(500, 57, '30.21795726800757', '77.38907298706056', '2019-02-05 04:44:18', '2019-02-05 04:44:18'),
(501, 58, '30.186208343494712', '77.23698100708009', '2019-02-05 04:54:38', '2019-02-05 04:54:38'),
(502, 58, '30.093573619890485', '77.26444682739259', '2019-02-05 04:54:38', '2019-02-05 04:54:38'),
(503, 58, '30.11852229087523', '77.35645732543946', '2019-02-05 04:54:38', '2019-02-05 04:54:38'),
(504, 58, '30.218253938624834', '77.34684428833009', '2019-02-05 04:54:38', '2019-02-05 04:54:38'),
(505, 59, '30.35225737950451', '77.36744365356446', '2019-02-05 04:55:23', '2019-02-05 04:55:23'),
(506, 59, '30.232493075992167', '77.28229961059571', '2019-02-05 04:55:23', '2019-02-05 04:55:23'),
(507, 59, '30.196891367658306', '77.56794414184571', '2019-02-05 04:55:23', '2019-02-05 04:55:23'),
(508, 59, '30.392541152716714', '77.77668437622071', '2019-02-05 04:55:23', '2019-02-05 04:55:23'),
(509, 59, '30.302472165452684', '77.51301250122071', '2019-02-05 04:55:23', '2019-02-05 04:55:23'),
(510, 60, '30.374770945969555', '77.27543315551759', '2019-02-05 04:56:17', '2019-02-05 04:56:17'),
(511, 60, '30.21944061214691', '77.33311137817384', '2019-02-05 04:56:17', '2019-02-05 04:56:17'),
(512, 60, '30.279941971980357', '77.54185161254884', '2019-02-05 04:56:17', '2019-02-05 04:56:17'),
(513, 60, '30.463589648811663', '77.50751933715821', '2019-02-05 04:56:17', '2019-02-05 04:56:17'),
(514, 61, '30.2040127398723', '78.03623637817384', '2019-02-05 04:57:52', '2019-02-05 04:57:52'),
(515, 61, '30.143464661372725', '77.98542461059571', '2019-02-05 04:57:52', '2019-02-05 04:57:52'),
(516, 61, '30.143464661372725', '78.07194194458009', '2019-02-05 04:57:52', '2019-02-05 04:57:52'),
(517, 61, '30.19570442220544', '78.13374004028321', '2019-02-05 04:57:52', '2019-02-05 04:57:52'),
(518, 62, '30.410308127494073', '77.05296001098634', '2019-02-05 05:05:37', '2019-02-05 05:05:37'),
(519, 62, '30.21944061214691', '77.10651836059571', '2019-02-05 05:05:37', '2019-02-05 05:05:37'),
(520, 62, '30.30958588807617', '77.24796733520509', '2019-02-05 05:05:37', '2019-02-05 05:05:37'),
(521, 62, '30.532220639792502', '77.20539531372071', '2019-02-05 05:05:37', '2019-02-05 05:05:37'),
(546, 56, '30.42097', '77.37431', '2019-02-07 06:49:01', '2019-02-07 06:49:01'),
(547, 56, '30.26334', '77.35234', '2019-02-07 06:49:01', '2019-02-07 06:49:01'),
(548, 56, '30.05376', '77.41551', '2019-02-07 06:49:01', '2019-02-07 06:49:01'),
(549, 56, '30.18027', '77.63386', '2019-02-07 06:49:02', '2019-02-07 06:49:02'),
(550, 56, '30.26867', '77.84295', '2019-02-07 06:49:02', '2019-02-07 06:49:02'),
(551, 56, '30.32618', '77.99847', '2019-02-07 06:49:02', '2019-02-07 06:49:02'),
(552, 56, '30.41623', '77.67231', '2019-02-07 06:49:02', '2019-02-07 06:49:02'),
(600, 63, '30.32766', '77.62133', '2019-02-08 09:47:31', '2019-02-08 09:47:31'),
(601, 63, '30.2749', '77.69309', '2019-02-08 09:47:31', '2019-02-08 09:47:31'),
(602, 63, '30.22211', '77.60622', '2019-02-08 09:47:31', '2019-02-08 09:47:31'),
(603, 63, '30.22211', '77.77788', '2019-02-08 09:47:31', '2019-02-08 09:47:31'),
(604, 63, '30.3727', '77.79848', '2019-02-08 09:47:32', '2019-02-08 09:47:32'),
(605, 63, '30.32411', '77.63094', '2019-02-08 09:47:32', '2019-02-08 09:47:32'),
(619, 64, '30.48016', '77.74287', '2019-02-11 09:45:02', '2019-02-11 09:45:02'),
(620, 64, '30.39076', '77.63094', '2019-02-11 09:45:02', '2019-02-11 09:45:02'),
(621, 64, '30.31314', '77.74424', '2019-02-11 09:45:02', '2019-02-11 09:45:02'),
(622, 64, '30.30129', '78.06422', '2019-02-11 09:45:02', '2019-02-11 09:45:02'),
(623, 64, '30.37951', '78.12396', '2019-02-11 09:45:02', '2019-02-11 09:45:02'),
(624, 64, '30.46477', '78.04362', '2019-02-11 09:45:02', '2019-02-11 09:45:02'),
(625, 48, '30.33033', '77.64399', '2019-02-11 10:15:34', '2019-02-11 10:15:34'),
(626, 48, '30.29989', '77.59682', '2019-02-11 10:15:34', '2019-02-11 10:15:34'),
(627, 48, '30.27064', '77.59497', '2019-02-11 10:15:34', '2019-02-11 10:15:34'),
(628, 48, '30.22378', '77.62381', '2019-02-11 10:15:34', '2019-02-11 10:15:34'),
(629, 48, '30.23357', '77.69522', '2019-02-11 10:15:34', '2019-02-11 10:15:34'),
(630, 48, '30.25581', '77.74672', '2019-02-11 10:15:34', '2019-02-11 10:15:34'),
(631, 48, '30.29167', '77.70311', '2019-02-11 10:15:34', '2019-02-11 10:15:34'),
(632, 48, '30.33527', '77.79958', '2019-02-11 10:15:34', '2019-02-11 10:15:34'),
(633, 48, '30.34302', '77.71681', '2019-02-11 10:15:34', '2019-02-11 10:15:34'),
(640, 65, '30.41505', '76.77607', '2019-02-11 10:25:39', '2019-02-11 10:25:39'),
(641, 65, '30.30899', '76.71977', '2019-02-11 10:25:39', '2019-02-11 10:25:39'),
(642, 65, '30.23605', '76.84748', '2019-02-11 10:25:39', '2019-02-11 10:25:39'),
(643, 65, '30.42215', '76.94224', '2019-02-11 10:25:39', '2019-02-11 10:25:39'),
(644, 65, '30.4186', '77.13999', '2019-02-11 10:25:39', '2019-02-11 10:25:39'),
(645, 65, '30.33626', '77.19149', '2019-02-11 10:25:39', '2019-02-11 10:25:39'),
(646, 65, '30.26097', '77.08643', '2019-02-11 10:25:39', '2019-02-11 10:25:39'),
(654, 54, '30.66875', '76.73367', '2019-02-11 11:28:41', '2019-02-11 11:28:41'),
(655, 54, '30.70624', '76.79375', '2019-02-11 11:28:41', '2019-02-11 11:28:41'),
(656, 54, '30.71953', '76.81023', '2019-02-11 11:28:41', '2019-02-11 11:28:41'),
(657, 54, '30.73281', '76.80062', '2019-02-11 11:28:41', '2019-02-11 11:28:41'),
(658, 54, '30.75671', '76.77624', '2019-02-11 11:28:41', '2019-02-11 11:28:41'),
(659, 54, '30.71038', '76.69899', '2019-02-11 11:28:41', '2019-02-11 11:28:41'),
(660, 54, '30.68838', '76.71427', '2019-02-11 11:28:41', '2019-02-11 11:28:41'),
(661, 66, '30.348702132144517', '77.20802748277367', '2019-02-11 12:08:13', '2019-02-11 12:08:13'),
(662, 66, '30.244357448709934', '77.2148939378518', '2019-02-11 12:08:13', '2019-02-11 12:08:13'),
(663, 66, '30.288243171667585', '77.47719252183617', '2019-02-11 12:08:13', '2019-02-11 12:08:13'),
(664, 67, '30.348702132144517', '77.20802748277367', '2019-02-11 12:09:18', '2019-02-11 12:09:18'),
(665, 67, '30.244357448709934', '77.2148939378518', '2019-02-11 12:09:18', '2019-02-11 12:09:18'),
(666, 67, '30.288243171667585', '77.47719252183617', '2019-02-11 12:09:18', '2019-02-11 12:09:18'),
(687, 69, '31.27982', '75.01167', '2019-02-14 09:08:22', '2019-02-14 09:08:22'),
(688, 69, '31.23286', '75.00686', '2019-02-14 09:08:22', '2019-02-14 09:08:22'),
(689, 69, '31.19058', '74.99107', '2019-02-14 09:08:22', '2019-02-14 09:08:22'),
(690, 69, '31.18353', '75.21766', '2019-02-14 09:08:22', '2019-02-14 09:08:22'),
(691, 69, '31.22758', '75.18539', '2019-02-14 09:08:22', '2019-02-14 09:08:22'),
(692, 69, '31.26925', '75.23414', '2019-02-14 09:08:22', '2019-02-14 09:08:22'),
(703, 75, '31.17956266444954', '75.329877505171', '2019-02-20 14:29:33', '2019-02-20 14:29:33'),
(704, 75, '31.151507348953135', '75.3108230923292', '2019-02-20 14:29:33', '2019-02-20 14:29:33'),
(705, 75, '31.15532688562259', '75.38446582304209', '2019-02-20 14:29:33', '2019-02-20 14:29:33'),
(706, 75, '31.179709529052538', '75.37725604521006', '2019-02-20 14:29:33', '2019-02-20 14:29:33'),
(707, 75, '31.190576877469702', '75.33811725126475', '2019-02-20 14:29:33', '2019-02-20 14:29:33'),
(766, 72, '31.2078', '75.23483', '2019-03-06 08:58:30', '2019-03-06 08:58:30'),
(767, 72, '31.14612', '75.2853', '2019-03-06 08:58:30', '2019-03-06 08:58:30'),
(768, 72, '31.1279', '75.42709', '2019-03-06 08:58:30', '2019-03-06 08:58:30'),
(769, 72, '31.19136', '75.37559', '2019-03-06 08:58:30', '2019-03-06 08:58:30'),
(801, 73, '30.58402', '74.91256', '2019-03-06 12:13:09', '2019-03-06 12:13:09'),
(802, 73, '29.91555', '75.00088', '2019-03-06 12:13:09', '2019-03-06 12:13:09'),
(803, 73, '29.81581', '75.50994', '2019-03-06 12:13:09', '2019-03-06 12:13:09'),
(804, 73, '30.16343', '75.33622', '2019-03-06 12:13:09', '2019-03-06 12:13:09'),
(805, 74, '31.30035', '75.12491', '2019-03-07 13:06:33', '2019-03-07 13:06:33'),
(806, 74, '31.11359', '74.98895', '2019-03-07 13:06:33', '2019-03-07 13:06:33'),
(807, 74, '30.93884', '75.151', '2019-03-07 13:06:33', '2019-03-07 13:06:33'),
(808, 74, '31.00566', '75.43527', '2019-03-07 13:06:33', '2019-03-07 13:06:33'),
(809, 74, '31.14299', '75.552', '2019-03-07 13:06:33', '2019-03-07 13:06:33'),
(810, 74, '31.26338', '75.44763', '2019-03-07 13:06:33', '2019-03-07 13:06:33'),
(811, 74, '31.34142', '75.28971', '2019-03-07 13:06:33', '2019-03-07 13:06:33'),
(812, 81, '31.370610684957388', '74.95642216376791', '2019-03-13 04:48:05', '2019-03-13 04:48:05'),
(813, 81, '31.343638384532998', '74.69481022529135', '2019-03-13 04:48:05', '2019-03-13 04:48:05'),
(814, 81, '31.223341740643352', '74.86647160224447', '2019-03-13 04:48:05', '2019-03-13 04:48:05'),
(815, 81, '31.252696533531395', '74.95504887275229', '2019-03-13 04:48:05', '2019-03-13 04:48:05'),
(816, 82, '32.73763762051278', '-97.11487584895491', '2019-03-13 19:16:36', '2019-03-13 19:16:36'),
(817, 82, '32.73597707463502', '-97.06208997554182', '2019-03-13 19:16:36', '2019-03-13 19:16:36'),
(818, 82, '32.70600973640673', '-97.06243329829573', '2019-03-13 19:16:36', '2019-03-13 19:16:36'),
(819, 82, '32.706587515221834', '-97.11427503413557', '2019-03-13 19:16:36', '2019-03-13 19:16:36'),
(820, 83, '32.64898620220505', '-97.0623360638354', '2019-04-03 15:23:33', '2019-04-03 15:23:33'),
(821, 83, '32.64884166467552', '-97.07967386290767', '2019-04-03 15:23:33', '2019-04-03 15:23:33'),
(822, 83, '32.64522815051149', '-97.08448038146236', '2019-04-03 15:23:33', '2019-04-03 15:23:33'),
(823, 83, '32.64464997469575', '-97.12293252989986', '2019-04-03 15:23:33', '2019-04-03 15:23:33'),
(824, 83, '32.648408050685184', '-97.12705240294673', '2019-04-03 15:23:33', '2019-04-03 15:23:33'),
(825, 83, '32.64884166467552', '-97.13512048766353', '2019-04-03 15:23:33', '2019-04-03 15:23:33'),
(826, 83, '32.644794519000094', '-97.13323221251704', '2019-04-03 15:23:33', '2019-04-03 15:23:33'),
(827, 83, '32.6312063333723', '-97.1363221173022', '2019-04-03 15:23:33', '2019-04-03 15:23:33'),
(828, 83, '32.6267246706824', '-97.13580713317134', '2019-04-03 15:23:33', '2019-04-03 15:23:33'),
(829, 83, '32.61776067202668', '-97.13838205382564', '2019-04-03 15:23:33', '2019-04-03 15:23:33'),
(830, 83, '32.6116877758576', '-97.14250192687251', '2019-04-03 15:23:33', '2019-04-03 15:23:33'),
(831, 83, '32.597516083178206', '-97.14713678405025', '2019-04-03 15:23:33', '2019-04-03 15:23:33'),
(832, 83, '32.5860903315273', '-97.13786706969478', '2019-04-03 15:23:33', '2019-04-03 15:23:33'),
(833, 83, '32.58146176445147', '-97.13254556700923', '2019-04-03 15:23:33', '2019-04-03 15:23:33'),
(834, 83, '32.583776077861636', '-97.13151559874751', '2019-04-03 15:23:33', '2019-04-03 15:23:33'),
(835, 83, '32.59462362553597', '-97.10782632872798', '2019-04-03 15:23:33', '2019-04-03 15:23:33'),
(836, 83, '32.58970623326879', '-97.10662469908931', '2019-04-03 15:23:33', '2019-04-03 15:23:33'),
(837, 83, '32.583776077861636', '-97.10284814879634', '2019-04-03 15:23:33', '2019-04-03 15:23:33'),
(838, 83, '32.57625434084916', '-97.10181818053462', '2019-04-03 15:23:33', '2019-04-03 15:23:33'),
(839, 83, '32.56858730575562', '-97.09769830748775', '2019-04-03 15:23:33', '2019-04-03 15:23:33'),
(840, 83, '32.577556225102605', '-97.08070383116939', '2019-04-03 15:23:33', '2019-04-03 15:23:33'),
(841, 83, '32.58363143502382', '-97.07864389464595', '2019-04-03 15:23:33', '2019-04-03 15:23:33'),
(842, 83, '32.60980798642874', '-97.07692728087642', '2019-04-03 15:23:33', '2019-04-03 15:23:33'),
(843, 83, '32.618628194998486', '-97.07538232848384', '2019-04-03 15:23:33', '2019-04-03 15:23:33'),
(844, 83, '32.633374799259435', '-97.06508264586665', '2019-04-03 15:23:33', '2019-04-03 15:23:33'),
(845, 84, '31.36428459532689', '75.5183545410157', '2019-04-11 09:25:31', '2019-04-11 09:25:31'),
(846, 84, '31.070673409006982', '75.18052495117195', '2019-04-11 09:25:31', '2019-04-11 09:25:31'),
(847, 84, '31.103603174997502', '75.95918095703132', '2019-04-11 09:25:31', '2019-04-11 09:25:31'),
(848, 84, '31.385389374776377', '75.8314648925782', '2019-04-11 09:25:31', '2019-04-11 09:25:31'),
(849, 85, '31.239904815462282', '75.18601811523445', '2019-04-11 09:31:58', '2019-04-11 09:31:58'),
(850, 85, '31.05302776999042', '74.98826420898445', '2019-04-11 09:31:58', '2019-04-11 09:31:58'),
(851, 85, '31.083611463636487', '75.48127568359382', '2019-04-11 09:31:58', '2019-04-11 09:31:58'),
(852, 85, '31.259863567216264', '75.39338505859382', '2019-04-11 09:31:58', '2019-04-11 09:31:58'),
(853, 86, '31.292621211425054', '75.15375902112146', '2019-04-11 10:30:23', '2019-04-11 10:30:23'),
(854, 86, '31.29496820721768', '75.43253709729333', '2019-04-11 10:30:23', '2019-04-11 10:30:23'),
(855, 86, '31.25036529662546', '75.36249925549646', '2019-04-11 10:30:23', '2019-04-11 10:30:23'),
(856, 86, '31.244494922907556', '75.05350877698083', '2019-04-11 10:30:23', '2019-04-11 10:30:23'),
(857, 86, '31.284406265965927', '75.10020067151208', '2019-04-11 10:30:23', '2019-04-11 10:30:23'),
(858, 87, '31.263328265740096', '75.25334271423822', '2019-04-11 11:56:44', '2019-04-11 11:56:44'),
(859, 87, '31.29736455837914', '75.16957196228509', '2019-04-11 11:56:44', '2019-04-11 11:56:44'),
(860, 87, '31.371263117657588', '75.26158246033197', '2019-04-11 11:56:44', '2019-04-11 11:56:44'),
(861, 87, '31.33490758635095', '75.41127118103509', '2019-04-11 11:56:44', '2019-04-11 11:56:44'),
(862, 87, '31.27741373871867', '75.36045941345697', '2019-04-11 11:56:44', '2019-04-11 11:56:44'),
(863, 88, '31.299768410227472', '75.10224736328132', '2019-04-11 12:11:35', '2019-04-11 12:11:35'),
(864, 88, '31.141223215993985', '75.38239873046882', '2019-04-11 12:11:35', '2019-04-11 12:11:35'),
(865, 88, '31.212895084697653', '75.7216016113282', '2019-04-11 12:11:35', '2019-04-11 12:11:35'),
(866, 88, '31.34669365849592', '75.57740605468757', '2019-04-11 12:11:35', '2019-04-11 12:11:35'),
(867, 89, '31.275123294994938', '75.12422001953132', '2019-04-15 09:30:50', '2019-04-15 09:30:50'),
(868, 89, '31.098899621395653', '75.13108647460945', '2019-04-15 09:30:50', '2019-04-15 09:30:50'),
(869, 89, '31.111833833257638', '75.45518315429695', '2019-04-15 09:30:50', '2019-04-15 09:30:50'),
(870, 89, '31.289207006835756', '75.45655644531257', '2019-04-15 09:30:50', '2019-04-15 09:30:50'),
(871, 90, '31.295074599265558', '75.26704228515632', '2019-04-15 11:00:52', '2019-04-15 11:00:52'),
(872, 90, '31.149450611608437', '75.25056279296882', '2019-04-15 11:00:52', '2019-04-15 11:00:52'),
(873, 90, '31.22698808121594', '75.70786870117195', '2019-04-15 11:00:52', '2019-04-15 11:00:52'),
(874, 91, '31.27864442014264', '75.01023686523445', '2019-04-15 11:30:30', '2019-04-15 11:30:30'),
(875, 91, '31.025964767406393', '75.06516850585945', '2019-04-15 11:30:30', '2019-04-15 11:30:30'),
(876, 91, '31.174128513997516', '74.94019902343757', '2019-04-15 11:30:30', '2019-04-15 11:30:30'),
(877, 92, '31.23285954296259', '74.92646611328132', '2019-04-15 11:31:03', '2019-04-15 11:31:03'),
(878, 92, '31.218767421908545', '75.2601758300782', '2019-04-15 11:31:03', '2019-04-15 11:31:03'),
(879, 92, '30.948263030603716', '75.1558057128907', '2019-04-15 11:31:03', '2019-04-15 11:31:03'),
(880, 92, '31.168253405967636', '74.80012333984382', '2019-04-15 11:31:03', '2019-04-15 11:31:03'),
(881, 93, '31.31619490742103', '74.83165178480454', '2019-04-17 11:24:49', '2019-04-17 11:24:49'),
(882, 93, '31.265732985340044', '74.79045305433579', '2019-04-17 11:24:49', '2019-04-17 11:24:49'),
(883, 93, '31.241078976462784', '74.82478532972641', '2019-04-17 11:24:49', '2019-04-17 11:24:49'),
(884, 93, '31.26103748004404', '74.89207658949204', '2019-04-17 11:24:49', '2019-04-17 11:24:49'),
(885, 93, '31.306808688320615', '74.88383684339829', '2019-04-17 11:24:49', '2019-04-17 11:24:49'),
(886, 94, '31.15532688562259', '74.9525586425782', '2019-04-19 11:22:35', '2019-04-19 11:22:35'),
(887, 94, '30.980057753366847', '75.18601811523445', '2019-04-19 11:22:35', '2019-04-19 11:22:35'),
(888, 94, '30.991830889632713', '74.90449345703132', '2019-04-19 11:22:35', '2019-04-19 11:22:35'),
(889, 95, '31.15532688562259', '74.9470654785157', '2019-04-19 11:45:45', '2019-04-19 11:45:45'),
(890, 95, '31.15415165996466', '75.10499394531257', '2019-04-19 11:45:45', '2019-04-19 11:45:45'),
(891, 95, '31.057733593777087', '74.93882573242195', '2019-04-19 11:45:45', '2019-04-19 11:45:45'),
(892, 96, '31.09537180333426', '74.77265751953132', '2019-04-19 11:52:23', '2019-04-19 11:52:23'),
(893, 96, '31.098899621395653', '74.91135991210945', '2019-04-19 11:52:23', '2019-04-19 11:52:23'),
(894, 96, '31.028318377340696', '74.90449345703132', '2019-04-19 11:52:23', '2019-04-19 11:52:23'),
(895, 96, '31.02243424346781', '74.7493115722657', '2019-04-19 11:52:23', '2019-04-19 11:52:23'),
(896, 97, '31.29742153396818', '74.8481885253907', '2019-04-19 12:12:40', '2019-04-19 12:12:40'),
(897, 97, '31.271602038402765', '74.82346928710945', '2019-04-19 12:12:40', '2019-04-19 12:12:40'),
(898, 97, '31.241078976462784', '74.83582890625007', '2019-04-19 12:12:40', '2019-04-19 12:12:40'),
(899, 97, '31.2586896397876', '74.90449345703132', '2019-04-19 12:12:40', '2019-04-19 12:12:40'),
(900, 98, '31.246949562520594', '74.9086133300782', '2019-04-19 12:25:52', '2019-04-19 12:25:52'),
(901, 98, '31.09537180333426', '74.8866406738282', '2019-04-19 12:25:52', '2019-04-19 12:25:52'),
(902, 98, '31.110658068616583', '75.41810429687507', '2019-04-19 12:25:52', '2019-04-19 12:25:52'),
(903, 99, '31.27981809931392', '75.0569287597657', '2019-04-19 12:57:57', '2019-04-19 12:57:57'),
(904, 99, '31.259863567216264', '75.8149854003907', '2019-04-19 12:57:57', '2019-04-19 12:57:57'),
(905, 99, '30.899961920087485', '75.54307377929695', '2019-04-19 12:57:57', '2019-04-19 12:57:57'),
(906, 99, '31.090667842121995', '74.8591748535157', '2019-04-19 12:57:57', '2019-04-19 12:57:57'),
(907, 100, '31.180003257575066', '74.91822636718757', '2019-04-19 13:02:04', '2019-04-19 13:02:04'),
(908, 100, '31.178828338017613', '75.23408330078132', '2019-04-19 13:02:04', '2019-04-19 13:02:04'),
(909, 100, '30.955329439369443', '75.20799077148445', '2019-04-19 13:02:04', '2019-04-19 13:02:04'),
(910, 100, '31.030671929118835', '74.81934941406257', '2019-04-19 13:02:04', '2019-04-19 13:02:04'),
(911, 101, '31.22698808121594', '74.9800244628907', '2019-04-19 13:07:16', '2019-04-19 13:07:16'),
(912, 101, '31.047145162981682', '75.2217236816407', '2019-04-19 13:07:16', '2019-04-19 13:07:16'),
(913, 101, '31.131819603996508', '74.88389409179695', '2019-04-19 13:07:16', '2019-04-19 13:07:16'),
(914, 102, '31.3150216811855', '74.96766484375007', '2019-04-19 13:09:27', '2019-04-19 13:09:27'),
(915, 102, '31.078906920230853', '74.94569218750007', '2019-04-19 13:09:27', '2019-04-19 13:09:27'),
(916, 102, '31.265732985340044', '74.77265751953132', '2019-04-19 13:09:27', '2019-04-19 13:09:27'),
(917, 103, '31.23051100204291', '75.0459424316407', '2019-04-19 13:11:19', '2019-04-19 13:11:19'),
(918, 103, '31.171778514517673', '74.72321904296882', '2019-04-19 13:11:19', '2019-04-19 13:11:19'),
(919, 103, '30.968283164499216', '75.25880253906257', '2019-04-19 13:11:19', '2019-04-19 13:11:19'),
(920, 103, '31.22346502905951', '75.15992558593757', '2019-04-19 13:11:19', '2019-04-19 13:11:19'),
(921, 104, '32.67766969620052', '-97.06277711909115', '2019-04-28 19:49:43', '2019-04-28 19:49:43'),
(922, 104, '32.67824765845947', '-97.11530550043881', '2019-04-28 19:49:43', '2019-04-28 19:49:43'),
(923, 104, '32.67506881975735', '-97.13556154291928', '2019-04-28 19:49:43', '2019-04-28 19:49:43'),
(924, 104, '32.679981522797824', '-97.13556154291928', '2019-04-28 19:49:43', '2019-04-28 19:49:43'),
(925, 104, '32.708585424262004', '-97.11650713007748', '2019-04-28 19:49:43', '2019-04-28 19:49:43'),
(926, 104, '32.7080076583847', '-97.08886964838803', '2019-04-28 19:49:43', '2019-04-28 19:49:43'),
(927, 104, '32.71205194095275', '-97.07204683344662', '2019-04-28 19:49:43', '2019-04-28 19:49:43'),
(928, 104, '32.71262968063866', '-97.06277711909115', '2019-04-28 19:49:43', '2019-04-28 19:49:43'),
(929, 105, '31.3150216811855', '74.93327531996079', '2019-05-29 05:39:35', '2019-05-29 05:39:35'),
(930, 105, '31.237556449674756', '75.33290300550766', '2019-05-29 05:39:35', '2019-05-29 05:39:35'),
(931, 105, '31.061262808875338', '74.94151506605454', '2019-05-29 05:39:35', '2019-05-29 05:39:35'),
(932, 105, '31.192926410380394', '74.78221330824204', '2019-05-29 05:39:35', '2019-05-29 05:39:35'),
(933, 105, '31.299768410227472', '74.79182634535141', '2019-05-29 05:39:35', '2019-05-29 05:39:35'),
(934, 106, '31.352557669753715', '74.93876848402329', '2019-05-29 06:04:22', '2019-05-29 06:04:22'),
(935, 106, '31.131819603996508', '74.99507341566391', '2019-05-29 06:04:22', '2019-05-29 06:04:22'),
(936, 106, '31.208196952335584', '74.68882951917954', '2019-05-29 06:04:22', '2019-05-29 06:04:22'),
(937, 107, '30.72087366402813', '76.68770827574485', '2019-05-29 11:14:23', '2019-05-29 11:14:23'),
(938, 107, '30.664189566559507', '76.73199691099876', '2019-05-29 11:14:23', '2019-05-29 11:14:23'),
(939, 107, '30.729432430314787', '76.8332771234011', '2019-05-29 11:14:23', '2019-05-29 11:14:23'),
(940, 107, '30.774869694840117', '76.77525557799095', '2019-05-29 11:14:23', '2019-05-29 11:14:23'),
(941, 108, '30.59146529166462', '75.78517043653119', '2019-05-29 12:02:36', '2019-05-29 12:02:36'),
(942, 108, '30.569001774471246', '75.78568542066205', '2019-05-29 12:02:36', '2019-05-29 12:02:36'),
(943, 108, '30.57188389826108', '75.83958709302533', '2019-05-29 12:02:36', '2019-05-29 12:02:36'),
(944, 108, '30.593312388766474', '75.82877242627728', '2019-05-29 12:02:36', '2019-05-29 12:02:36'),
(945, 109, '31.280991763879022', '75.36935246582038', '2019-05-29 12:32:13', '2019-05-29 12:32:13'),
(946, 109, '31.083611463636487', '74.97521794433601', '2019-05-29 12:32:13', '2019-05-29 12:32:13'),
(947, 109, '31.293901109998764', '75.62890446777351', '2019-05-29 12:32:13', '2019-05-29 12:32:13'),
(948, 110, '31.27864442014264', '75.0404492675782', '2019-06-05 12:10:18', '2019-06-05 12:10:18'),
(949, 110, '31.264559130918933', '75.22447026367195', '2019-06-05 12:10:18', '2019-06-05 12:10:18'),
(950, 110, '31.115361039810775', '75.12010014648445', '2019-06-05 12:10:18', '2019-06-05 12:10:18'),
(951, 110, '31.269254460987497', '74.95667851562507', '2019-06-05 12:10:18', '2019-06-05 12:10:18'),
(952, 111, '31.28451266993414', '74.94294560546882', '2019-06-05 12:12:30', '2019-06-05 12:12:30'),
(953, 111, '31.185877636661072', '75.21211064453132', '2019-06-05 12:12:31', '2019-06-05 12:12:31'),
(954, 111, '31.09537180333426', '74.85780156250007', '2019-06-05 12:12:31', '2019-06-05 12:12:31'),
(955, 112, '32.65429134859518', '-96.87675219634798', '2019-06-06 00:52:51', '2019-06-06 00:52:51'),
(956, 112, '32.67105512161965', '-96.94473010162142', '2019-06-06 00:52:51', '2019-06-06 00:52:51'),
(957, 112, '32.6201760377458', '-96.9437001333597', '2019-06-06 00:52:51', '2019-06-06 00:52:51'),
(958, 112, '32.6071625355345', '-96.92859393218782', '2019-06-06 00:52:51', '2019-06-06 00:52:51'),
(959, 113, '30.982412496838343', '74.90174687500007', '2019-06-06 14:03:26', '2019-06-06 14:03:26'),
(960, 113, '30.977702951791297', '74.98414433593757', '2019-06-06 14:03:26', '2019-06-06 14:03:26'),
(961, 113, '30.911744927763362', '74.92646611328132', '2019-06-06 14:03:26', '2019-06-06 14:03:26'),
(962, 113, '30.9529740278548', '74.86054814453132', '2019-06-06 14:03:26', '2019-06-06 14:03:26'),
(963, 114, '37.39198213967466', '-97.81150866546966', '2019-06-07 07:40:09', '2019-06-07 07:40:09'),
(964, 114, '37.42688854131702', '-95.99876452484466', '2019-06-07 07:40:09', '2019-06-07 07:40:09'),
(965, 114, '36.65960642452105', '-96.38877917328216', '2019-06-07 07:40:09', '2019-06-07 07:40:09'),
(966, 114, '36.730079704938326', '-98.09166003265716', '2019-06-07 07:40:09', '2019-06-07 07:40:09'),
(967, 115, '37.788081579220496', '-98.32237292328216', '2019-06-07 08:45:24', '2019-06-07 08:45:24'),
(968, 115, '37.81412389663572', '-97.77854968109466', '2019-06-07 08:45:24', '2019-06-07 08:45:24'),
(969, 115, '37.44433564220442', '-97.82798815765716', '2019-06-07 08:45:24', '2019-06-07 08:45:24'),
(970, 115, '37.43997424828607', '-98.38829089203216', '2019-06-07 08:45:24', '2019-06-07 08:45:24'),
(971, 115, '37.69251455067952', '-98.47618151703216', '2019-06-07 08:45:24', '2019-06-07 08:45:24'),
(972, 116, '37.68816766377156', '-97.82798815765716', '2019-06-07 09:00:50', '2019-06-07 09:00:50'),
(973, 116, '37.81412389663572', '-93.13133288421966', '2019-06-07 09:00:50', '2019-06-07 09:00:50'),
(974, 116, '36.213255432245454', '-93.15879870453216', '2019-06-07 09:00:50', '2019-06-07 09:00:50'),
(975, 116, '36.319551458373894', '-98.43772936859466', '2019-06-07 09:00:50', '2019-06-07 09:00:50'),
(976, 116, '37.67512547431916', '-98.41026354828216', '2019-06-07 09:00:50', '2019-06-07 09:00:50'),
(977, 116, '37.97884523509244', '-98.15208483734466', '2019-06-07 09:00:50', '2019-06-07 09:00:50'),
(978, 117, '37.58811896201', '-97.67417956390716', '2019-06-07 09:05:56', '2019-06-07 09:05:56'),
(979, 117, '37.43561260015842', '-95.01548815765716', '2019-06-07 09:05:56', '2019-06-07 09:05:56'),
(980, 117, '36.67282508479393', '-96.08116198578216', '2019-06-07 09:05:56', '2019-06-07 09:05:56'),
(981, 117, '37.14280364050811', '-98.05870104828216', '2019-06-07 09:05:56', '2019-06-07 09:05:56'),
(986, 119, '36.81588163873576', '-97.25120593109466', '2019-06-07 11:41:57', '2019-06-07 11:41:57'),
(987, 119, '36.80708586038836', '-96.22947741546966', '2019-06-07 11:41:57', '2019-06-07 11:41:57'),
(988, 119, '36.24205822408143', '-96.56456042328216', '2019-06-07 11:41:57', '2019-06-07 11:41:57'),
(989, 119, '36.43675181000344', '-97.36656237640716', '2019-06-07 11:41:57', '2019-06-07 11:41:57'),
(990, 119, '36.846658903791926', '-97.26219225921966', '2019-06-07 11:41:57', '2019-06-07 11:41:57');

-- --------------------------------------------------------

--
-- Table structure for table `job_requests`
--

CREATE TABLE `job_requests` (
  `id` int(11) NOT NULL,
  `job_id` int(11) NOT NULL,
  `user_id` int(11) NOT NULL,
  `status` enum('P','I','S','C','A') NOT NULL DEFAULT 'P' COMMENT 'S=stop,p=pending,I=inprogress,c=complete,A=accepted',
  `created_at` timestamp NOT NULL DEFAULT CURRENT_TIMESTAMP,
  `updated_at` timestamp NOT NULL DEFAULT CURRENT_TIMESTAMP ON UPDATE CURRENT_TIMESTAMP
) ENGINE=InnoDB DEFAULT CHARSET=latin1;

--
-- Dumping data for table `job_requests`
--

INSERT INTO `job_requests` (`id`, `job_id`, `user_id`, `status`, `created_at`, `updated_at`) VALUES
(59, 48, 30, 'S', '2019-01-31 11:24:08', '2019-01-31 11:32:29'),
(61, 49, 36, 'P', '2019-02-01 05:16:38', '2019-02-01 05:16:38'),
(78, 50, 29, 'P', '2019-02-04 12:22:34', '2019-02-04 12:22:34'),
(79, 50, 30, 'P', '2019-02-04 12:22:34', '2019-02-04 12:22:34'),
(81, 50, 21, 'P', '2019-02-04 12:30:40', '2019-02-04 12:30:40'),
(87, 56, 35, 'C', '2019-02-05 04:43:47', '2019-06-07 09:41:55'),
(89, 58, 35, 'C', '2019-02-05 04:55:02', '2019-02-07 07:36:04'),
(91, 62, 35, 'S', '2019-02-05 05:05:42', '2019-06-07 09:11:18'),
(104, 50, 35, 'A', '2019-02-08 09:28:30', '2019-06-07 09:31:25'),
(105, 56, 21, 'P', '2019-02-08 12:43:34', '2019-02-08 12:43:34'),
(106, 56, 31, 'P', '2019-02-08 12:43:36', '2019-02-08 12:43:36'),
(107, 56, 32, 'P', '2019-02-08 12:43:36', '2019-02-08 12:43:36'),
(108, 49, 48, 'C', '2019-02-11 05:43:45', '2019-02-11 09:57:54'),
(109, 50, 48, 'I', '2019-02-11 06:02:57', '2019-02-11 07:52:12'),
(113, 65, 48, 'A', '2019-02-11 10:18:18', '2019-02-11 10:22:56'),
(114, 65, 52, 'C', '2019-02-11 10:18:18', '2019-02-12 09:29:46'),
(115, 65, 35, 'A', '2019-02-11 10:24:49', '2019-06-07 09:42:30'),
(117, 55, 35, 'A', '2019-02-11 13:41:07', '2019-06-07 09:45:07'),
(124, 53, 48, 'I', '2019-02-12 05:35:13', '2019-02-12 05:35:23'),
(129, 54, 48, 'P', '2019-02-12 06:13:36', '2019-02-12 06:13:36'),
(140, 54, 49, 'I', '2019-02-12 06:51:59', '2019-02-12 13:05:10'),
(155, 55, 49, 'A', '2019-02-12 08:57:35', '2019-02-12 08:59:13'),
(158, 51, 53, 'P', '2019-02-12 09:34:22', '2019-02-12 09:34:22'),
(159, 51, 54, 'P', '2019-02-12 09:34:30', '2019-02-12 09:34:30'),
(160, 51, 52, 'C', '2019-02-12 09:37:28', '2019-02-12 09:39:50'),
(161, 50, 49, 'C', '2019-02-12 09:58:19', '2019-02-12 09:58:36'),
(173, 53, 53, 'P', '2019-02-12 11:23:45', '2019-02-12 11:23:45'),
(174, 53, 54, 'P', '2019-02-12 11:23:45', '2019-02-12 11:23:45'),
(179, 63, 49, 'P', '2019-02-12 13:12:53', '2019-02-12 13:12:53'),
(184, 73, 69, 'C', '2019-02-13 09:47:49', '2019-02-13 11:40:30'),
(185, 73, 73, 'C', '2019-02-13 11:46:13', '2019-02-13 12:02:35'),
(187, 75, 69, 'P', '2019-02-20 14:29:57', '2019-02-20 14:29:57'),
(188, 75, 70, 'P', '2019-02-20 14:29:57', '2019-02-20 14:29:57'),
(189, 75, 73, 'P', '2019-02-20 14:29:57', '2019-02-20 14:29:57'),
(197, 73, 78, 'C', '2019-02-21 05:36:47', '2019-03-07 12:30:51'),
(220, 75, 77, 'C', '2019-03-13 04:36:46', '2019-03-13 04:58:27'),
(221, 81, 77, 'C', '2019-03-13 04:52:29', '2019-03-13 04:57:11'),
(222, 75, 78, 'C', '2019-03-13 05:20:18', '2019-03-13 05:20:58'),
(223, 82, 77, 'C', '2019-03-13 19:16:58', '2019-04-28 19:47:38'),
(224, 83, 77, 'C', '2019-04-03 15:23:55', '2019-06-06 00:46:04'),
(225, 69, 35, 'A', '2019-04-11 07:38:22', '2019-06-07 09:32:29'),
(226, 69, 87, 'A', '2019-04-11 07:38:43', '2019-04-11 07:39:33'),
(227, 84, 87, 'I', '2019-04-11 09:26:15', '2019-04-15 08:49:36'),
(228, 86, 85, 'P', '2019-04-11 10:30:32', '2019-04-11 10:30:32'),
(229, 85, 87, 'A', '2019-04-11 12:09:13', '2019-04-11 12:09:26'),
(230, 88, 87, 'C', '2019-04-11 12:12:05', '2019-04-12 05:59:29'),
(232, 89, 87, 'A', '2019-04-15 09:32:32', '2019-04-15 09:33:25'),
(233, 91, 87, 'C', '2019-04-15 11:30:42', '2019-04-18 05:34:54'),
(234, 92, 87, 'A', '2019-04-15 11:32:50', '2019-04-15 11:34:37'),
(235, 93, 87, 'A', '2019-04-17 11:26:21', '2019-04-17 11:44:33'),
(236, 93, 35, 'A', '2019-04-18 05:46:02', '2019-06-07 09:32:18'),
(251, 86, 35, 'A', '2019-04-18 12:07:01', '2019-06-07 09:32:11'),
(260, 86, 87, 'A', '2019-04-18 12:26:52', '2019-04-18 12:27:00'),
(270, 93, 94, 'A', '2019-04-19 05:52:33', '2019-04-19 05:53:28'),
(271, 93, 95, 'A', '2019-04-19 05:55:41', '2019-04-19 05:55:46'),
(272, 93, 43, 'P', '2019-04-19 07:49:29', '2019-04-19 07:49:29'),
(273, 91, 31, 'P', '2019-04-19 07:52:43', '2019-04-19 07:52:43'),
(274, 91, 95, 'C', '2019-04-19 07:52:51', '2019-04-19 07:53:11'),
(279, 86, 95, 'P', '2019-04-19 07:57:39', '2019-04-19 07:57:39'),
(280, 67, 96, 'S', '2019-04-19 10:28:43', '2019-04-19 11:31:07'),
(282, 73, 96, 'S', '2019-04-19 10:38:49', '2019-04-19 10:44:57'),
(284, 72, 96, 'S', '2019-04-19 10:52:41', '2019-04-19 10:54:52'),
(286, 88, 96, 'C', '2019-04-19 10:55:41', '2019-04-19 10:58:17'),
(290, 94, 95, 'A', '2019-04-19 11:28:26', '2019-04-19 11:44:13'),
(292, 95, 83, 'C', '2019-04-19 11:46:46', '2019-04-19 11:50:11'),
(293, 95, 95, 'P', '2019-04-19 11:46:46', '2019-04-19 11:46:46'),
(294, 96, 83, 'C', '2019-04-19 11:52:38', '2019-04-19 11:57:22'),
(295, 97, 83, 'C', '2019-04-19 12:16:00', '2019-04-19 12:17:22'),
(297, 97, 95, 'P', '2019-04-19 12:22:23', '2019-04-19 12:22:23'),
(298, 97, 63, 'P', '2019-04-19 12:23:51', '2019-04-19 12:23:51'),
(299, 98, 83, 'C', '2019-04-19 12:26:12', '2019-04-19 12:26:51'),
(300, 98, 95, 'P', '2019-04-19 12:26:39', '2019-04-19 12:26:39'),
(306, 104, 77, 'I', '2019-04-28 19:49:56', '2019-06-06 00:47:38'),
(307, 105, 87, 'P', '2019-05-29 05:57:27', '2019-06-05 11:54:28'),
(308, 106, 38, 'I', '2019-05-29 06:04:34', '2019-06-06 13:56:52'),
(309, 107, 104, 'C', '2019-05-29 11:33:57', '2019-05-29 11:43:59'),
(315, 110, 104, 'C', '2019-06-05 12:10:40', '2019-06-05 12:12:15'),
(316, 111, 104, 'C', '2019-06-05 12:12:47', '2019-06-05 12:17:10'),
(317, 112, 77, 'S', '2019-06-06 00:54:28', '2019-06-06 01:01:53'),
(318, 114, 87, 'P', '2019-06-07 07:42:40', '2019-06-07 07:42:40'),
(319, 114, 35, 'C', '2019-06-07 07:43:07', '2019-06-07 07:46:54'),
(320, 115, 35, 'C', '2019-06-07 08:45:36', '2019-06-07 08:57:24'),
(321, 116, 35, 'C', '2019-06-07 09:01:01', '2019-06-07 09:02:48'),
(322, 117, 35, 'S', '2019-06-07 09:06:09', '2019-06-07 09:43:56'),
(324, 109, 35, 'A', '2019-06-07 10:05:12', '2019-06-07 10:05:29'),
(325, 113, 35, 'I', '2019-06-07 10:07:55', '2019-06-07 13:23:51');

-- --------------------------------------------------------

--
-- Table structure for table `migrations`
--

CREATE TABLE `migrations` (
  `id` int(10) UNSIGNED NOT NULL,
  `migration` varchar(255) COLLATE utf8mb4_unicode_ci NOT NULL,
  `batch` int(11) NOT NULL
) ENGINE=InnoDB DEFAULT CHARSET=utf8mb4 COLLATE=utf8mb4_unicode_ci;

--
-- Dumping data for table `migrations`
--

INSERT INTO `migrations` (`id`, `migration`, `batch`) VALUES
(9, '2014_10_12_100000_create_password_resets_table', 1),
(14, '2018_12_31_090954_create_users_table', 2),
(15, '2019_01_07_105705_create_jobs_table', 3),
(16, '2019_01_07_122209_create_job_images_table', 4),
(17, '2019_01_07_122638_create_jobs_table', 5);

-- --------------------------------------------------------

--
-- Table structure for table `notifications`
--

CREATE TABLE `notifications` (
  `id` int(11) NOT NULL,
  `user_id` int(11) NOT NULL,
  `job_id` int(11) NOT NULL,
  `message` varchar(255) NOT NULL,
  `status` enum('R','U') NOT NULL DEFAULT 'U',
  `created_at` timestamp NOT NULL DEFAULT CURRENT_TIMESTAMP,
  `updated_at` timestamp NOT NULL DEFAULT CURRENT_TIMESTAMP ON UPDATE CURRENT_TIMESTAMP
) ENGINE=InnoDB DEFAULT CHARSET=latin1;

--
-- Dumping data for table `notifications`
--

INSERT INTO `notifications` (`id`, `user_id`, `job_id`, `message`, `status`, `created_at`, `updated_at`) VALUES
(3, 35, 49, 'You have New job Request', 'R', '2019-02-01 12:58:00', '2019-02-01 12:43:10'),
(4, 35, 49, 'You have New job Request', 'R', '2019-02-01 12:58:00', '2019-02-01 12:53:03'),
(5, 35, 49, 'You have New job Request', 'R', '2019-02-01 13:07:34', '2019-02-01 13:02:08'),
(12, 29, 50, 'You have New job Request', 'U', '2019-02-04 12:22:34', '2019-02-04 12:22:34'),
(13, 30, 50, 'You have New job Request', 'U', '2019-02-04 12:22:34', '2019-02-04 12:22:34'),
(15, 21, 50, 'You have New job Request', 'U', '2019-02-04 12:30:40', '2019-02-04 12:30:40'),
(16, 35, 50, 'You have New job Request', 'R', '2019-02-04 12:43:08', '2019-02-04 12:42:10'),
(17, 35, 52, 'You have New job Request', 'R', '2019-02-05 04:38:44', '2019-02-05 04:38:14'),
(18, 35, 53, 'You have New job Request', 'R', '2019-02-05 04:39:24', '2019-02-05 04:39:15'),
(19, 35, 54, 'You have New job Request', 'R', '2019-02-05 04:41:31', '2019-02-05 04:40:11'),
(20, 35, 55, 'You have New job Request', 'R', '2019-02-05 04:41:31', '2019-02-05 04:41:21'),
(21, 35, 56, 'You have New job Request', 'R', '2019-02-05 04:52:55', '2019-02-05 04:43:47'),
(22, 35, 57, 'You have New job Request', 'R', '2019-02-05 04:52:55', '2019-02-05 04:44:41'),
(23, 35, 58, 'You have New job Request', 'R', '2019-02-05 04:55:13', '2019-02-05 04:55:02'),
(24, 35, 60, 'You have New job Request', 'R', '2019-02-05 04:56:31', '2019-02-05 04:56:24'),
(25, 35, 62, 'You have New job Request', 'R', '2019-02-05 05:14:16', '2019-02-05 05:05:42'),
(26, 28, 50, 'this is for testing', 'R', '2019-02-05 09:05:36', '2019-02-05 09:05:32'),
(27, 31, 48, 'You have New job Request', 'U', '2019-02-05 12:41:48', '2019-02-05 12:41:48'),
(40, 35, 50, 'You have New job Request', 'R', '2019-02-08 08:40:56', '2019-02-08 08:38:27'),
(41, 35, 50, 'You have New job Request', 'R', '2019-02-08 08:40:56', '2019-02-08 08:39:57'),
(42, 35, 50, 'You have New job Request', 'R', '2019-02-08 08:42:46', '2019-02-08 08:42:16'),
(43, 35, 50, 'You have New job Request', 'R', '2019-02-08 08:45:34', '2019-02-08 08:45:06'),
(44, 35, 50, 'You have New job Request', 'R', '2019-02-08 08:47:17', '2019-02-08 08:45:43'),
(45, 35, 50, 'You have New job Request', 'R', '2019-02-08 08:59:52', '2019-02-08 08:47:21'),
(46, 35, 50, 'You have New job Request', 'R', '2019-02-08 08:59:52', '2019-02-08 08:53:28'),
(47, 35, 50, 'You have New job Request', 'R', '2019-02-08 08:59:52', '2019-02-08 08:54:58'),
(48, 35, 50, 'You have New job Request', 'R', '2019-02-08 08:59:52', '2019-02-08 08:55:09'),
(51, 35, 50, 'You have New job Request', 'R', '2019-02-08 09:28:30', '2019-02-08 09:27:05'),
(52, 35, 50, 'You have New job Request', 'R', '2019-02-08 09:28:30', '2019-02-08 09:28:30'),
(53, 21, 56, 'You have New job Request', 'U', '2019-02-08 12:43:34', '2019-02-08 12:43:34'),
(54, 31, 56, 'You have New job Request', 'U', '2019-02-08 12:43:36', '2019-02-08 12:43:36'),
(55, 32, 56, 'You have New job Request', 'U', '2019-02-08 12:43:36', '2019-02-08 12:43:36'),
(56, 48, 49, 'You have New job Request', 'R', '2019-02-11 05:46:20', '2019-02-11 05:43:45'),
(59, 48, 50, 'You have New job Request', 'R', '2019-02-11 06:09:17', '2019-02-11 06:02:57'),
(60, 48, 52, 'You have New job Request', 'R', '2019-02-11 06:09:17', '2019-02-11 06:03:58'),
(79, 52, 48, 'You have New job Request', 'R', '2019-02-11 08:51:57', '2019-02-11 08:42:46'),
(80, 52, 49, 'You have New job Request', 'R', '2019-02-11 08:51:57', '2019-02-11 08:43:15'),
(87, 48, 65, 'You have New job Request', 'R', '2019-02-11 10:51:19', '2019-02-11 10:18:18'),
(88, 52, 65, 'You have New job Request', 'R', '2019-02-11 10:39:55', '2019-02-11 10:18:18'),
(90, 35, 65, 'You have New job Request', 'R', '2019-02-11 10:24:49', '2019-06-07 07:43:48'),
(91, 48, 53, 'You have New job Request', 'R', '2019-02-11 13:10:28', '2019-02-11 13:09:31'),
(92, 35, 55, 'You have New job Request', 'R', '2019-02-11 13:41:07', '2019-06-07 07:43:48'),
(93, 48, 55, 'You have New job Request', 'R', '2019-02-12 05:37:54', '2019-02-11 13:41:13'),
(94, 48, 67, 'You have New job Request', 'R', '2019-02-12 05:37:54', '2019-02-11 13:48:01'),
(95, 52, 49, 'You have New job Request', 'R', '2019-02-12 09:29:02', '2019-02-12 04:45:20'),
(99, 48, 48, 'You have New job Request', 'R', '2019-02-12 05:37:54', '2019-02-12 05:16:29'),
(101, 48, 53, 'You have New job Request', 'R', '2019-02-12 05:37:54', '2019-02-12 05:35:13'),
(104, 48, 55, 'You have New job Request', 'R', '2019-02-12 06:01:24', '2019-02-12 05:50:25'),
(105, 48, 55, 'You have New job Request', 'R', '2019-02-12 06:07:46', '2019-02-12 06:02:10'),
(106, 48, 55, 'You have New job Request', 'R', '2019-02-12 06:15:34', '2019-02-12 06:08:06'),
(107, 48, 55, 'You have New job Request', 'R', '2019-02-12 06:15:34', '2019-02-12 06:12:55'),
(108, 48, 54, 'You have New job Request', 'R', '2019-02-12 06:15:34', '2019-02-12 06:13:36'),
(113, 49, 54, 'You have New job Request', 'R', '2019-02-12 06:26:59', '2019-02-12 06:20:39'),
(114, 49, 54, 'You have New job Request', 'R', '2019-02-12 06:26:59', '2019-02-12 06:21:55'),
(115, 49, 54, 'You have New job Request', 'R', '2019-02-12 06:26:59', '2019-02-12 06:23:59'),
(116, 49, 54, 'You have New job Request', 'R', '2019-02-12 06:38:32', '2019-02-12 06:29:35'),
(117, 49, 54, 'You have New job Request', 'R', '2019-02-12 06:38:32', '2019-02-12 06:33:13'),
(118, 49, 54, 'You have New job Request', 'R', '2019-02-12 07:30:52', '2019-02-12 06:38:44'),
(119, 49, 54, 'You have New job Request', 'R', '2019-02-12 07:30:52', '2019-02-12 06:42:34'),
(120, 49, 54, 'You have New job Request', 'R', '2019-02-12 07:30:52', '2019-02-12 06:47:09'),
(121, 49, 54, 'You have New job Request', 'R', '2019-02-12 07:30:52', '2019-02-12 06:49:18'),
(122, 49, 54, 'You have New job Request', 'R', '2019-02-12 07:30:52', '2019-02-12 06:51:59'),
(130, 49, 55, 'You have New job Request', 'R', '2019-02-12 07:54:47', '2019-02-12 07:48:56'),
(131, 49, 55, 'You have New job Request', 'R', '2019-02-12 07:54:47', '2019-02-12 07:51:54'),
(132, 49, 55, 'You have New job Request', 'R', '2019-02-12 08:08:23', '2019-02-12 07:56:14'),
(133, 49, 55, 'You have New job Request', 'R', '2019-02-12 08:08:23', '2019-02-12 08:01:03'),
(134, 49, 55, 'You have New job Request', 'R', '2019-02-12 08:08:23', '2019-02-12 08:01:54'),
(135, 49, 55, 'You have New job Request', 'R', '2019-02-12 08:58:47', '2019-02-12 08:24:12'),
(136, 49, 55, 'You have New job Request', 'R', '2019-02-12 08:58:47', '2019-02-12 08:28:05'),
(137, 49, 55, 'You have New job Request', 'R', '2019-02-12 08:58:47', '2019-02-12 08:30:36'),
(138, 49, 55, 'You have New job Request', 'R', '2019-02-12 08:58:47', '2019-02-12 08:31:27'),
(139, 49, 55, 'You have New job Request', 'R', '2019-02-12 08:58:47', '2019-02-12 08:38:56'),
(140, 49, 55, 'You have New job Request', 'R', '2019-02-12 08:58:47', '2019-02-12 08:41:40'),
(141, 49, 55, 'You have New job Request', 'R', '2019-02-12 08:58:47', '2019-02-12 08:46:42'),
(142, 49, 55, 'You have New job Request', 'R', '2019-02-12 08:58:47', '2019-02-12 08:49:20'),
(143, 49, 55, 'You have New job Request', 'R', '2019-02-12 08:58:47', '2019-02-12 08:53:43'),
(144, 49, 55, 'You have New job Request', 'R', '2019-02-12 08:58:47', '2019-02-12 08:57:35'),
(145, 49, 51, 'You have New job Request', 'R', '2019-02-12 08:58:47', '2019-02-12 08:58:25'),
(156, 52, 51, 'You have New job Request', 'R', '2019-02-12 09:35:58', '2019-02-12 09:34:13'),
(157, 53, 51, 'You have New job Request', 'U', '2019-02-12 09:34:23', '2019-02-12 09:34:23'),
(158, 54, 51, 'You have New job Request', 'U', '2019-02-12 09:34:30', '2019-02-12 09:34:30'),
(159, 52, 51, 'You have New job Request', 'R', '2019-02-12 10:09:46', '2019-02-12 09:37:28'),
(168, 49, 50, 'You have New job Request', 'R', '2019-02-12 09:58:50', '2019-02-12 09:58:19'),
(172, 49, 53, 'You have New job Request', 'R', '2019-02-12 10:03:50', '2019-02-12 09:59:16'),
(174, 49, 53, 'You have New job Request', 'R', '2019-02-12 10:12:58', '2019-02-12 10:12:34'),
(177, 49, 53, 'You have New job Request', 'R', '2019-02-12 10:17:56', '2019-02-12 10:15:15'),
(183, 49, 53, 'You have New job Request', 'R', '2019-02-12 10:18:55', '2019-02-12 10:18:40'),
(187, 52, 53, 'You have New job Request', 'R', '2019-02-12 11:29:16', '2019-02-12 11:23:45'),
(188, 53, 53, 'You have New job Request', 'U', '2019-02-12 11:23:45', '2019-02-12 11:23:45'),
(189, 54, 53, 'You have New job Request', 'U', '2019-02-12 11:23:45', '2019-02-12 11:23:45'),
(190, 52, 53, 'You have New job Request', 'R', '2019-02-12 11:30:55', '2019-02-12 11:30:00'),
(198, 49, 63, 'You have New job Request', 'R', '2019-02-12 13:29:36', '2019-02-12 13:12:53'),
(203, 69, 73, 'You have New job Request', 'U', '2019-02-13 09:47:49', '2019-02-13 09:47:49'),
(210, 73, 73, 'You have New job Request', 'U', '2019-02-13 11:46:13', '2019-02-13 11:46:13'),
(218, 69, 75, 'You have New job Request', 'U', '2019-02-20 14:29:57', '2019-02-20 14:29:57'),
(219, 70, 75, 'You have New job Request', 'R', '2019-02-20 14:29:57', '2019-04-19 09:20:42'),
(220, 73, 75, 'You have New job Request', 'U', '2019-02-20 14:29:57', '2019-02-20 14:29:57'),
(229, 77, 73, 'You have New job Request', 'R', '2019-02-21 05:34:08', '2019-02-21 05:33:42'),
(230, 77, 73, 'You have New job Request', 'R', '2019-02-21 06:57:14', '2019-02-21 05:35:49'),
(231, 78, 73, 'You have New job Request', 'R', '2019-02-21 06:01:16', '2019-02-21 05:36:47'),
(232, 77, 73, 'You have New job Request', 'R', '2019-02-21 06:57:14', '2019-02-21 05:40:46'),
(233, 77, 66, 'You have New job Request', 'R', '2019-02-21 06:57:14', '2019-02-21 05:42:09'),
(236, 77, 67, 'You have New job Request', 'R', '2019-02-21 07:01:41', '2019-02-21 07:01:11'),
(237, 77, 67, 'You have New job Request', 'R', '2019-02-21 07:26:09', '2019-02-21 07:02:27'),
(238, 78, 67, 'You have New job Request', 'R', '2019-02-21 07:06:09', '2019-02-21 07:03:31'),
(239, 78, 67, 'You have New job Request', 'R', '2019-02-23 04:47:05', '2019-02-21 07:06:18'),
(240, 78, 67, 'You have New job Request', 'R', '2019-02-23 04:47:05', '2019-02-21 07:06:38'),
(241, 78, 67, 'You have New job Request', 'R', '2019-02-23 04:47:05', '2019-02-21 07:06:56'),
(242, 77, 67, 'You have New job Request', 'R', '2019-02-21 07:26:09', '2019-02-21 07:12:20'),
(243, 77, 67, 'You have New job Request', 'R', '2019-02-21 07:26:09', '2019-02-21 07:12:58'),
(244, 77, 67, 'You have New job Request', 'R', '2019-02-21 07:26:09', '2019-02-21 07:15:45'),
(245, 77, 67, 'You have New job Request', 'R', '2019-02-21 07:26:09', '2019-02-21 07:18:13'),
(246, 77, 67, 'You have New job Request', 'R', '2019-02-21 07:26:09', '2019-02-21 07:18:36'),
(311, 77, 75, 'You have New job Request', 'R', '2019-03-13 04:52:34', '2019-03-13 04:36:46'),
(312, 77, 81, 'You have New job Request', 'R', '2019-03-13 04:52:34', '2019-03-13 04:52:29'),
(316, 78, 75, 'You have New job Request', 'U', '2019-03-13 05:20:18', '2019-03-13 05:20:18'),
(317, 77, 82, 'You have New job Request', 'R', '2019-04-01 05:07:18', '2019-03-13 19:16:58'),
(319, 77, 83, 'You have New job Request', 'U', '2019-04-03 15:23:55', '2019-04-03 15:23:55'),
(324, 35, 69, 'You have New job Request', 'R', '2019-04-11 07:38:22', '2019-06-07 07:43:48'),
(325, 87, 69, 'You have New job Request', 'R', '2019-04-15 13:08:36', '2019-04-11 07:38:43'),
(326, 87, 84, 'You have New job Request', 'R', '2019-04-15 13:08:36', '2019-04-11 09:26:15'),
(329, 85, 86, 'You have New job Request', 'U', '2019-04-11 10:30:32', '2019-04-11 10:30:32'),
(330, 87, 85, 'You have New job Request', 'R', '2019-04-15 13:08:36', '2019-04-11 12:09:13'),
(331, 28, 85, 'Parul has accepted your job request', 'U', '2019-04-11 12:09:26', '2019-04-11 12:09:26'),
(332, 87, 88, 'You have New job Request', 'R', '2019-04-15 13:08:36', '2019-04-11 12:12:05'),
(333, 86, 88, 'Parul has accepted your job request', 'R', '2019-04-15 07:13:51', '2019-04-11 12:12:53'),
(334, 86, 88, 'Parul has stared this job', 'R', '2019-04-15 07:13:51', '2019-04-12 05:58:58'),
(335, 86, 88, 'Parul has Completed this job', 'R', '2019-04-15 07:13:51', '2019-04-12 05:59:29'),
(344, 35, 89, 'You have New job Request', 'R', '2019-04-15 09:32:32', '2019-06-07 07:43:48'),
(345, 87, 89, 'You have New job Request', 'R', '2019-04-15 13:08:36', '2019-04-15 09:32:32'),
(347, 87, 91, 'You have New job Request', 'R', '2019-04-15 13:08:36', '2019-04-15 11:30:42'),
(350, 87, 92, 'You have New job Request', 'R', '2019-04-15 13:08:36', '2019-04-15 11:32:50'),
(353, 87, 93, 'You have New job Request', 'R', '2019-04-18 05:52:13', '2019-04-17 11:26:21'),
(354, 86, 93, 'Parul has accepted your job request', 'R', '2019-04-17 12:38:32', '2019-04-17 11:44:33'),
(356, 35, 93, 'You have New job Request', 'R', '2019-04-18 05:46:02', '2019-06-07 07:43:48'),
(357, 87, 86, 'You have New job Request', 'R', '2019-04-18 05:52:13', '2019-04-18 05:46:35'),
(358, 87, 86, 'You have New job Request', 'R', '2019-04-18 05:52:13', '2019-04-18 05:48:23'),
(359, 87, 86, 'You have New job Request', 'R', '2019-04-18 05:52:13', '2019-04-18 05:48:44'),
(360, 87, 86, 'You have New job Request', 'R', '2019-04-18 05:52:13', '2019-04-18 05:50:26'),
(361, 87, 86, 'You have New job Request', 'R', '2019-04-18 05:57:29', '2019-04-18 05:52:35'),
(362, 87, 86, 'You have New job Request', 'R', '2019-04-18 05:57:29', '2019-04-18 05:52:55'),
(363, 87, 86, 'You have New job Request', 'R', '2019-04-18 05:57:29', '2019-04-18 05:53:54'),
(364, 87, 86, 'You have New job Request', 'R', '2019-04-18 05:57:29', '2019-04-18 05:54:47'),
(365, 87, 86, 'You have New job Request', 'R', '2019-04-18 05:57:29', '2019-04-18 05:55:21'),
(366, 87, 67, 'You have New job Request', 'R', '2019-04-18 05:57:29', '2019-04-18 05:56:09'),
(367, 87, 67, 'You have New job Request', 'R', '2019-04-18 05:57:29', '2019-04-18 05:56:59'),
(368, 83, 93, 'You have New job Request', 'R', '2019-04-18 11:48:29', '2019-04-19 11:45:47'),
(369, 83, 93, 'You have New job Request', 'R', '2019-04-18 11:53:16', '2019-04-19 11:45:47'),
(370, 87, 86, 'You have New job Request', 'U', '2019-04-18 11:55:42', '2019-04-18 11:55:42'),
(371, 35, 86, 'You have New job Request', 'R', '2019-04-18 12:07:01', '2019-06-07 07:43:48'),
(372, 87, 86, 'You have New job Request', 'U', '2019-04-18 12:08:00', '2019-04-18 12:08:00'),
(373, 87, 86, 'You have New job Request', 'U', '2019-04-18 12:09:45', '2019-04-18 12:09:45'),
(374, 87, 86, 'You have New job Request', 'U', '2019-04-18 12:10:27', '2019-04-18 12:10:27'),
(375, 87, 86, 'You have New job Request', 'U', '2019-04-18 12:10:47', '2019-04-18 12:10:47'),
(376, 87, 86, 'You have New job Request', 'U', '2019-04-18 12:12:24', '2019-04-18 12:12:24'),
(377, 87, 86, 'You have New job Request', 'U', '2019-04-18 12:24:26', '2019-04-18 12:24:26'),
(378, 87, 86, 'You have New job Request', 'U', '2019-04-18 12:24:44', '2019-04-18 12:24:44'),
(379, 87, 86, 'You have New job Request', 'U', '2019-04-18 12:26:38', '2019-04-18 12:26:38'),
(380, 87, 86, 'You have New job Request', 'U', '2019-04-18 12:26:52', '2019-04-18 12:26:52'),
(385, 86, 93, 'Rick has accepted your job request', 'U', '2019-04-19 05:34:13', '2019-04-19 05:34:13'),
(386, 86, 93, 'Rick has stared this job', 'U', '2019-04-19 05:34:35', '2019-04-19 05:34:35'),
(387, 86, 93, 'Richard2 has accepted your job request', 'U', '2019-04-19 05:34:36', '2019-04-19 05:34:36'),
(388, 86, 93, 'Richard2 has stared this job', 'U', '2019-04-19 05:34:44', '2019-04-19 05:34:44'),
(389, 86, 93, 'Rick has Completed this job', 'U', '2019-04-19 05:37:35', '2019-04-19 05:37:35'),
(390, 86, 93, 'Richard2 has Completed this job', 'U', '2019-04-19 05:37:39', '2019-04-19 05:37:39'),
(395, 33, 90, 'robin has accepted your job request', 'U', '2019-04-19 05:42:21', '2019-04-19 05:42:21'),
(396, 33, 90, 'Richard2 has accepted your job request', 'U', '2019-04-19 05:42:22', '2019-04-19 05:42:22'),
(397, 33, 90, 'Richard2 has accepted your job request', 'U', '2019-04-19 05:42:23', '2019-04-19 05:42:23'),
(398, 33, 90, 'robin has stared this job', 'U', '2019-04-19 05:42:26', '2019-04-19 05:42:26'),
(399, 33, 90, 'Richard2 has stared this job', 'U', '2019-04-19 05:42:27', '2019-04-19 05:42:27'),
(400, 33, 90, 'robin has Completed this job', 'U', '2019-04-19 05:42:31', '2019-04-19 05:42:31'),
(401, 33, 90, 'Richard2 has Completed this job', 'U', '2019-04-19 05:42:33', '2019-04-19 05:42:33'),
(403, 94, 93, 'You have New job Request', 'R', '2019-04-19 07:48:43', '2019-04-19 05:52:33'),
(404, 86, 93, 'Isha has accepted your job request', 'U', '2019-04-19 05:53:28', '2019-04-19 05:53:28'),
(405, 95, 93, 'You have New job Request', 'R', '2019-04-19 06:06:20', '2019-04-19 05:55:41'),
(406, 43, 93, 'You have New job Request', 'U', '2019-04-19 07:49:29', '2019-04-19 07:49:29'),
(407, 31, 91, 'You have New job Request', 'U', '2019-04-19 07:52:43', '2019-04-19 07:52:43'),
(408, 95, 91, 'You have New job Request', 'R', '2019-04-19 07:53:19', '2019-04-19 07:52:51'),
(414, 95, 86, 'You have New job Request', 'R', '2019-04-19 07:56:10', '2019-04-19 07:55:00'),
(415, 95, 86, 'You have New job Request', 'R', '2019-04-19 07:56:10', '2019-04-19 07:55:13'),
(416, 95, 86, 'You have New job Request', 'R', '2019-04-19 07:56:10', '2019-04-19 07:55:37'),
(417, 95, 86, 'You have New job Request', 'R', '2019-04-19 07:56:10', '2019-04-19 07:55:54'),
(418, 95, 86, 'You have New job Request', 'R', '2019-04-19 07:57:39', '2019-04-19 10:11:15'),
(419, 96, 67, 'You have New job Request', 'R', '2019-04-19 06:28:43', '2019-04-19 10:44:51'),
(421, 96, 73, 'You have New job Request', 'R', '2019-04-19 06:38:49', '2019-04-19 10:44:51'),
(425, 96, 72, 'You have New job Request', 'R', '2019-04-19 06:52:41', '2019-04-19 10:59:31'),
(427, 96, 88, 'You have New job Request', 'R', '2019-04-19 06:55:41', '2019-04-19 10:59:31'),
(429, 86, 88, 'david has accepted your job request', 'U', '2019-04-19 10:55:48', '2019-04-19 10:55:48'),
(430, 86, 88, 'Joni has accepted your job request', 'U', '2019-04-19 10:55:59', '2019-04-19 10:55:59'),
(431, 86, 88, 'Joni has stared this job', 'U', '2019-04-19 10:56:58', '2019-04-19 10:56:58'),
(432, 86, 88, 'Joni has Completed this job', 'U', '2019-04-19 10:58:17', '2019-04-19 10:58:17'),
(433, 96, 59, 'You have New job Request', 'R', '2019-04-19 06:58:31', '2019-04-19 10:59:31'),
(436, 95, 94, 'You have New job Request', 'U', '2019-04-19 07:28:26', '2019-04-19 07:28:26'),
(438, 86, 94, 'neha has stared this job', 'U', '2019-04-19 11:32:10', '2019-04-19 11:32:10'),
(439, 86, 94, 'david has stared this job', 'U', '2019-04-19 11:32:49', '2019-04-19 11:32:49'),
(440, 83, 95, 'You have New job Request', 'R', '2019-04-19 07:46:46', '2019-04-19 12:22:54'),
(441, 95, 95, 'You have New job Request', 'U', '2019-04-19 07:46:46', '2019-04-19 07:46:46'),
(442, 86, 95, 'Avninder has stared this job', 'U', '2019-04-19 11:48:19', '2019-04-19 11:48:19'),
(443, 86, 95, 'Avninder has Paused This Job', 'U', '2019-04-19 11:48:23', '2019-04-19 11:48:23'),
(444, 86, 95, 'Avninder has stared this job', 'U', '2019-04-19 11:48:33', '2019-04-19 11:48:33'),
(445, 86, 95, 'neha has Completed this job', 'U', '2019-04-19 11:49:18', '2019-04-19 11:49:18'),
(446, 86, 95, 'Avninder has Completed this job', 'U', '2019-04-19 11:50:11', '2019-04-19 11:50:11'),
(447, 83, 96, 'You have New job Request', 'R', '2019-04-19 07:52:38', '2019-04-19 12:22:54'),
(448, 28, 96, 'Avninder has Completed this job', 'U', '2019-04-19 12:11:40', '2019-04-19 12:11:40'),
(449, 83, 97, 'You have New job Request', 'R', '2019-04-19 08:16:00', '2019-04-19 12:22:54'),
(450, 86, 97, 'Avninder has stared this job', 'U', '2019-04-19 12:17:08', '2019-04-19 12:17:08'),
(451, 86, 97, 'Avninder has Paused This Job', 'U', '2019-04-19 12:17:11', '2019-04-19 12:17:11'),
(452, 86, 97, 'Avninder has stared this job', 'U', '2019-04-19 12:17:13', '2019-04-19 12:17:13'),
(453, 86, 97, 'Avninder has Paused This Job', 'U', '2019-04-19 12:17:15', '2019-04-19 12:17:15'),
(454, 86, 97, 'Avninder has stared this job', 'U', '2019-04-19 12:17:16', '2019-04-19 12:17:16'),
(455, 86, 97, 'Avninder has Paused This Job', 'U', '2019-04-19 12:17:19', '2019-04-19 12:17:19'),
(456, 86, 97, 'Avninder has Completed this job', 'U', '2019-04-19 12:17:22', '2019-04-19 12:17:22'),
(458, 95, 97, 'You have New job Request', 'U', '2019-04-19 08:22:23', '2019-04-19 08:22:23'),
(459, 63, 97, 'You have New job Request', 'U', '2019-04-19 08:23:51', '2019-04-19 08:23:51'),
(460, 83, 98, 'You have New job Request', 'U', '2019-04-19 08:26:12', '2019-04-19 08:26:12'),
(461, 86, 98, 'Avni has stared this job', 'U', '2019-04-19 12:26:30', '2019-04-19 12:26:30'),
(462, 95, 98, 'You have New job Request', 'U', '2019-04-19 08:26:39', '2019-04-19 08:26:39'),
(463, 86, 98, 'Avni has Paused This Job', 'U', '2019-04-19 12:26:42', '2019-04-19 12:26:42'),
(464, 86, 98, 'Avni has stared this job', 'U', '2019-04-19 12:26:45', '2019-04-19 12:26:45'),
(465, 86, 98, 'Avni has Completed this job', 'U', '2019-04-19 12:26:51', '2019-04-19 12:26:51'),
(467, 86, 99, 'View has stared this job', 'U', '2019-04-19 12:58:49', '2019-04-19 12:58:49'),
(468, 86, 99, 'View has Paused This Job', 'U', '2019-04-19 12:58:51', '2019-04-19 12:58:51'),
(469, 86, 99, 'View has stared this job', 'U', '2019-04-19 12:59:00', '2019-04-19 12:59:00'),
(470, 86, 99, 'View has Completed this job', 'U', '2019-04-19 12:59:04', '2019-04-19 12:59:04'),
(472, 86, 100, 'View has stared this job', 'U', '2019-04-19 13:02:27', '2019-04-19 13:02:27'),
(473, 86, 100, 'View has Paused This Job', 'U', '2019-04-19 13:02:40', '2019-04-19 13:02:40'),
(474, 86, 100, 'View has stared this job', 'U', '2019-04-19 13:02:46', '2019-04-19 13:02:46'),
(475, 86, 100, 'View has Completed this job', 'U', '2019-04-19 13:02:48', '2019-04-19 13:02:48'),
(477, 86, 101, 'View has stared this job', 'U', '2019-04-19 13:07:42', '2019-04-19 13:07:42'),
(478, 86, 101, 'View has Paused This Job', 'U', '2019-04-19 13:08:21', '2019-04-19 13:08:21'),
(479, 86, 101, 'View has Completed this job', 'U', '2019-04-19 13:08:42', '2019-04-19 13:08:42'),
(481, 86, 102, 'View has Completed this job', 'U', '2019-04-19 13:10:06', '2019-04-19 13:10:06'),
(483, 86, 103, 'View has stared this job', 'U', '2019-04-19 13:21:08', '2019-04-19 13:21:08'),
(491, 77, 104, 'You have New job Request', 'U', '2019-04-28 15:49:56', '2019-04-28 15:49:56'),
(494, 87, 105, 'You have New job Request', 'U', '2019-05-29 01:57:27', '2019-05-29 01:57:27'),
(495, 38, 106, 'You have New job Request', 'U', '2019-05-29 02:04:34', '2019-05-29 02:04:34'),
(496, 104, 107, 'You have New job Request', 'R', '2019-05-29 07:33:57', '2019-05-29 12:03:44'),
(509, 104, 108, 'You have New job Request', 'R', '2019-05-29 08:02:45', '2019-05-29 12:03:44'),
(525, 104, 110, 'You have New job Request', 'R', '2019-06-05 08:10:40', '2019-06-05 12:12:21'),
(528, 104, 111, 'You have New job Request', 'U', '2019-06-05 08:12:47', '2019-06-05 08:12:47'),
(542, 77, 112, 'You have New job Request', 'U', '2019-06-05 20:54:28', '2019-06-05 20:54:28'),
(547, 87, 114, 'You have New job Request', 'U', '2019-06-07 03:42:40', '2019-06-07 03:42:40'),
(548, 35, 114, 'You have New job Request', 'R', '2019-06-07 03:43:07', '2019-06-07 07:52:09'),
(551, 35, 115, 'You have New job Request', 'R', '2019-06-07 04:45:36', '2019-06-07 09:13:58'),
(554, 35, 116, 'You have New job Request', 'R', '2019-06-07 05:01:01', '2019-06-07 09:13:58'),
(557, 35, 117, 'You have New job Request', 'R', '2019-06-07 05:06:09', '2019-06-07 09:13:58'),
(560, 39, 56, 'Parul has Completed job #kR1yGfIs', 'U', '2019-06-07 09:41:55', '2019-06-07 09:41:55'),
(563, 35, 109, 'You have New job Request', 'R', '2019-06-07 06:05:12', '2019-06-07 10:09:02'),
(564, 35, 113, 'You have New job Request', 'R', '2019-06-07 06:07:55', '2019-06-07 10:09:02');

-- --------------------------------------------------------

--
-- Table structure for table `password_resets`
--

CREATE TABLE `password_resets` (
  `email` varchar(255) COLLATE utf8mb4_unicode_ci NOT NULL,
  `token` varchar(255) COLLATE utf8mb4_unicode_ci NOT NULL,
  `created_at` timestamp NULL DEFAULT NULL
) ENGINE=InnoDB DEFAULT CHARSET=utf8mb4 COLLATE=utf8mb4_unicode_ci;

-- --------------------------------------------------------

--
-- Table structure for table `reports`
--

CREATE TABLE `reports` (
  `id` int(11) NOT NULL,
  `reporter_id` int(11) NOT NULL,
  `reportable_id` int(11) NOT NULL,
  `description` varchar(255) NOT NULL,
  `created_at` timestamp NOT NULL DEFAULT CURRENT_TIMESTAMP,
  `updated_at` timestamp NOT NULL DEFAULT CURRENT_TIMESTAMP ON UPDATE CURRENT_TIMESTAMP
) ENGINE=InnoDB DEFAULT CHARSET=latin1;

--
-- Dumping data for table `reports`
--

INSERT INTO `reports` (`id`, `reporter_id`, `reportable_id`, `description`, `created_at`, `updated_at`) VALUES
(1, 1, 14, 'this is for testing', '2019-01-18 10:36:09', '2019-01-18 10:36:09');

-- --------------------------------------------------------

--
-- Table structure for table `static_pages`
--

CREATE TABLE `static_pages` (
  `id` int(11) NOT NULL,
  `title` varchar(255) NOT NULL,
  `description` longtext NOT NULL,
  `created_at` date NOT NULL,
  `updated_at` date NOT NULL
) ENGINE=InnoDB DEFAULT CHARSET=latin1;

--
-- Dumping data for table `static_pages`
--

INSERT INTO `static_pages` (`id`, `title`, `description`, `created_at`, `updated_at`) VALUES
(2, 'termsAndConditions', 'TermsAndConditions Lorem Ipsum is simply dummy text of the printing and typesetting industry. Lorem Ipsum has been the industry\'s standard dummy text ever since the 1500s, when an unknown printer took a galley of type and scrambled it to make a type specimen book. It has survived not only five centuries, but also the leap into electronic typesetting, remaining essentially unchanged. It was popularised in the 1960s with the release of Letraset sheets containing Lorem Ipsum passages, and more recently with desktop publishing software like Aldus PageMaker including versions of Lorem Ipsum.dfvdfvfdvdfvfdv\r\n\r\nLorem Ipsum is simply dummy text of the printing and typesetting industry. Lorem Ipsum has been the industry\'s standard dummy text ever since the 1500s, when an unknown printer took a galley of type and scrambled it to make a type specimen book. It has survived not only five centuries, but also the leap into electronic typesetting, remaining essentially unchanged. It was popularised in the 1960s with the release of Letraset sheets containing Lorem Ipsum passages, and more recently with desktop publishing software like Aldus PageMaker including versions of Lorem Ipsum.', '2019-01-21', '2019-01-21'),
(3, 'aboutUs', 'About us Lorem Ipsum is simply dummy text of the printing and typesetting industry. Lorem Ipsum has been the industry\'s standard dummy text ever since the 1500s, when an unknown printer took a galley of type and scrambled it to make a type specimen book. It has survived not only five centuries, but also the leap into electronic typesetting, remaining essentially unchanged. It was popularised in the 1960s with the release of Letraset sheets containing Lorem Ipsum passages, and more recently with desktop publishing software like Aldus PageMaker including versions of Lorem Ipsum.\r\n\r\nLorem Ipsum is simply dummy text of the printing and typesetting industry. Lorem Ipsum has been the industry\'s standard dummy text ever since the 1500s, when an unknown printer took a galley of type and scrambled it to make a type specimen book. It has survived not only five centuries, but also the leap into electronic typesetting, remaining essentially unchanged. It was popularised in the 1960s with the release of Letraset sheets containing Lorem Ipsum passages, and more recently with desktop publishing software like Aldus PageMaker including versions of Lorem Ipsum.', '2019-01-21', '2019-01-21'),
(4, 'privacyPolicy', 'PrivacyPolicy Lorem Ipsum is simply dummy text of the printing and typesetting industry. Lorem Ipsum has been the industry\'s standard dummy text ever since the 1500s, when an unknown printer took a galley of type and scrambled it to make a type specimen book. It has survived not only five centuries, but also the leap into electronic typesetting, remaining essentially unchanged. It was popularised in the 1960s with the release of Letraset sheets containing Lorem Ipsum passages, and more recently with desktop publishing software like Aldus PageMaker including versions of Lorem Ipsum.\r\n\r\nLorem Ipsum is simply dummy text of the printing and typesetting industry. Lorem Ipsum has been the industry\'s standard dummy text ever since the 1500s, when an unknown printer took a galley of type and scrambled it to make a type specimen book. It has survived not only five centuries, but also the leap into electronic typesetting, remaining essentially unchanged. It was popularised in the 1960s with the release of Letraset sheets containing Lorem Ipsum passages, and more recently with desktop publishing software like Aldus PageMaker including versions of Lorem Ipsum.', '2019-01-21', '2019-01-21');

-- --------------------------------------------------------

--
-- Table structure for table `submit_flyers`
--

CREATE TABLE `submit_flyers` (
  `id` int(11) NOT NULL,
  `date` date NOT NULL,
  `job_id` int(11) NOT NULL,
  `flyer_count` int(11) NOT NULL,
  `created_at` timestamp NOT NULL DEFAULT CURRENT_TIMESTAMP,
  `updated_at` timestamp NOT NULL DEFAULT CURRENT_TIMESTAMP ON UPDATE CURRENT_TIMESTAMP
) ENGINE=InnoDB DEFAULT CHARSET=latin1;

--
-- Dumping data for table `submit_flyers`
--

INSERT INTO `submit_flyers` (`id`, `date`, `job_id`, `flyer_count`, `created_at`, `updated_at`) VALUES
(2, '2019-02-12', 49, 122, '2019-02-01 13:36:02', '2019-02-01 13:36:02'),
(3, '2019-02-12', 49, 122, '2019-02-01 13:36:05', '2019-02-01 13:36:05'),
(7, '2019-02-01', 50, 20, '2019-02-04 12:24:28', '2019-02-04 12:24:28'),
(8, '2019-02-06', 50, 45, '2019-02-04 13:35:10', '2019-02-04 13:35:10'),
(9, '2019-02-13', 51, 67, '2019-02-04 13:37:07', '2019-02-04 13:37:07'),
(10, '2019-02-01', 48, 300, '2019-02-05 06:55:57', '2019-02-05 06:55:57'),
(11, '2019-02-01', 48, 100, '2019-02-05 06:56:14', '2019-02-05 06:56:14'),
(12, '2019-02-09', 56, 234, '2019-02-08 12:44:25', '2019-02-08 12:44:25'),
(13, '2019-02-13', 66, 1, '2019-02-11 12:08:52', '2019-02-11 12:08:52'),
(16, '2019-02-13', 69, 123, '2019-02-13 04:58:36', '2019-02-13 04:58:36'),
(17, '2019-02-13', 73, 2, '2019-02-13 09:49:30', '2019-02-13 09:49:30'),
(18, '2019-02-13', 73, 5, '2019-02-13 11:48:20', '2019-02-13 11:48:20'),
(22, '2019-03-20', 62, 344, '2019-03-06 13:16:37', '2019-03-06 13:16:37'),
(23, '2019-03-12', 81, 50, '2019-03-13 04:53:16', '2019-03-13 04:53:16'),
(24, '2019-03-13', 82, 500, '2019-03-13 19:37:04', '2019-03-13 19:37:04'),
(25, '2019-03-31', 82, 900, '2019-03-31 19:26:50', '2019-03-31 19:26:50'),
(26, '2019-04-10', 82, 500, '2019-04-10 20:17:42', '2019-04-10 20:17:42'),
(27, '2019-04-12', 83, 4, '2019-04-11 06:00:23', '2019-04-11 06:00:23'),
(28, '2019-04-16', 92, 11, '2019-04-15 11:45:56', '2019-04-15 11:45:56'),
(29, '2019-04-17', 92, 200, '2019-04-15 11:48:18', '2019-04-15 11:48:18');

-- --------------------------------------------------------

--
-- Table structure for table `users`
--

CREATE TABLE `users` (
  `id` int(10) NOT NULL,
  `firstname` varchar(255) COLLATE utf8mb4_unicode_ci DEFAULT NULL,
  `lastname` varchar(255) COLLATE utf8mb4_unicode_ci DEFAULT NULL,
  `companyname` varchar(255) COLLATE utf8mb4_unicode_ci DEFAULT NULL,
  `image` varchar(255) COLLATE utf8mb4_unicode_ci DEFAULT NULL,
  `email` varchar(255) COLLATE utf8mb4_unicode_ci NOT NULL,
  `password` varchar(255) COLLATE utf8mb4_unicode_ci NOT NULL,
  `remember_token` varchar(255) COLLATE utf8mb4_unicode_ci DEFAULT NULL,
  `phone` varchar(255) COLLATE utf8mb4_unicode_ci DEFAULT NULL,
  `address` varchar(255) COLLATE utf8mb4_unicode_ci DEFAULT NULL,
  `zipcode` varchar(255) COLLATE utf8mb4_unicode_ci DEFAULT NULL,
  `dob` date DEFAULT NULL,
  `attach_id` varchar(255) COLLATE utf8mb4_unicode_ci NOT NULL DEFAULT '',
  `device_id` varchar(255) COLLATE utf8mb4_unicode_ci DEFAULT NULL,
  `device_type` enum('A','I','W') COLLATE utf8mb4_unicode_ci NOT NULL DEFAULT 'A' COMMENT 'W=web,A=android,I=iphone',
  `user_type` enum('N','A','W') COLLATE utf8mb4_unicode_ci NOT NULL DEFAULT 'N' COMMENT 'N=App user,W=client or webuser,A=admin',
  `login_type` enum('F','G','O') COLLATE utf8mb4_unicode_ci NOT NULL DEFAULT 'O',
  `forget_token` varchar(255) COLLATE utf8mb4_unicode_ci DEFAULT NULL,
  `notification_status` tinyint(1) NOT NULL DEFAULT '1',
  `latitude` varchar(255) COLLATE utf8mb4_unicode_ci NOT NULL,
  `longitude` varchar(255) COLLATE utf8mb4_unicode_ci NOT NULL,
  `is_suspended` enum('OFF','ON') COLLATE utf8mb4_unicode_ci NOT NULL DEFAULT 'OFF',
  `email_notification_status` enum('1','0') COLLATE utf8mb4_unicode_ci NOT NULL DEFAULT '1',
  `created_at` timestamp NULL DEFAULT NULL,
  `updated_at` timestamp NULL DEFAULT NULL
) ENGINE=InnoDB DEFAULT CHARSET=utf8mb4 COLLATE=utf8mb4_unicode_ci;

--
-- Dumping data for table `users`
--

INSERT INTO `users` (`id`, `firstname`, `lastname`, `companyname`, `image`, `email`, `password`, `remember_token`, `phone`, `address`, `zipcode`, `dob`, `attach_id`, `device_id`, `device_type`, `user_type`, `login_type`, `forget_token`, `notification_status`, `latitude`, `longitude`, `is_suspended`, `email_notification_status`, `created_at`, `updated_at`) VALUES
(1, 'scfdsfsf', NULL, 'facebook', '/public/uploads/1308726302door_hanger.jpg', 'admin@gmail.com', '$2y$10$d5VhNuVcbPv/av1baoupZucvGoQBaOUV.nPLufvvsECuPwT3eYU0.', '7rklgWS42rs8h5byQZzAe04nkIavtgYv7O4QCmSBv8hRCWMKTlmCmhtbdnAX', '7696179771', 'test', '174001', NULL, '/public/uploads/988820630attachIdKoala.jpg', 'dsvsdvdsvdsv', 'A', 'A', 'O', NULL, 1, '29.106098', '76.732870', 'OFF', '1', '2019-01-07 03:38:47', '2019-01-14 06:09:08'),
(14, 'aa', 'bb', '', '/public/uploads/1712019581img1547029379218.jpg', 'aa@gmail.com', '$2y$10$2Ekn91ZJ1bYvyORPVNpN5uST7Zp/.S4Uj1/S.7clYpGRAs9jXY3ti', '', '8141848848', 'mohali', '814949', '2016-01-09', '/public/uploads/855193153attachId1547029408854.jpg', '1234', 'A', 'N', 'O', NULL, 1, '28.798474', '77.787093', 'ON', '1', '2019-01-09 04:45:28', '2019-01-09 04:46:24'),
(21, 'parultest', 'bansal', '', '/public/uploads/53418362img1547447281345.jpg', 'bansalparul26@gmail.com', '$2y$10$2Ekn91ZJ1bYvyORPVNpN5uST7Zp/.S4Uj1/S.7clYpGRAs9jXY3ti', '', '8194852364', 'Chandigarh', '168036', '2019-01-10', '/public/uploads/1680760751attachIdScreenshot from 2019-01-04 19:29:32.png', '1234', 'A', 'N', 'O', '7OcSAc7ljN', 1, '30.289429', '77.702355', 'ON', '1', '2019-01-10 06:04:18', '2019-01-14 00:50:51'),
(28, 'Ankur', 'Thakur', 'company12341', '/public/uploads/26701519makeup.png', 'ankur1111@cogneesol.com', '$2y$10$2Ekn91ZJ1bYvyORPVNpN5uST7Zp/.S4Uj1/S.7clYpGRAs9jXY3ti', '', '212123123', 'Roura sector 3', '174001', NULL, '/public/uploads/1680760751attachIdScreenshot from 2019-01-04 19:29:32.png', NULL, 'W', 'W', 'O', '', 1, '30.289429', '77.787093', 'ON', '1', '2019-01-11 01:44:11', '2019-01-11 01:44:11'),
(29, 'Akie', 'Thakur', '', '/public/uploads/26701519makeup.png', 'ankita@gmail.com', '$2y$10$2Ekn91ZJ1bYvyORPVNpN5uST7Zp/.S4Uj1/S.7clYpGRAs9jXY3ti', '', '2121231233331', 'testcsdcds', '174001', '2019-01-02', '/public/uploads/1680760751attachIdScreenshot from 2019-01-04 19:29:32.png', NULL, 'W', 'N', 'O', NULL, 1, '30.289429', '77.787093', 'ON', '1', '2019-01-11 03:49:14', '2019-01-11 03:49:14'),
(30, 'akeel', 'khan', '', '/public/uploads/1234120377Background.png', 'android@gmail.com', '$2y$10$2Ekn91ZJ1bYvyORPVNpN5uST7Zp/.S4Uj1/S.7clYpGRAs9jXY3ti', '', '231313123', 'address', '323123', '1991-02-11', '/public/uploads/2096611727attachIdJellyfish.jpg', 'dvsvsedvs324253t5dfsfsdf', 'A', 'N', 'O', '1234', 1, '2313', '23213', 'ON', '1', '2019-01-11 05:57:40', '2019-01-11 05:57:56'),
(31, 'Neha', 'Sharma', '', '/public/uploads/673790720img1547448449091.jpg', 'neha@gmail.com', '$2y$10$2Ekn91ZJ1bYvyORPVNpN5uST7Zp/.S4Uj1/S.7clYpGRAs9jXY3ti', '', '8512365475', 'Chandigarh', '168852', '2019-01-07', '/public/uploads/690244150attachIdIMG_20181107_210441.jpg', '1234', 'A', 'N', 'O', NULL, 1, '', '', 'ON', '1', '2019-01-14 01:09:59', '2019-01-14 01:10:52'),
(32, 'akeel', 'khan', '', '/public/uploads/738985291imgjob-image.jpg', 'ab@gmail.com', '$2y$10$2Ekn91ZJ1bYvyORPVNpN5uST7Zp/.S4Uj1/S.7clYpGRAs9jXY3ti', '', '231313123', 'address', '323123', '1991-02-11', '/public/uploads/2002688151attachIdprofile_bg.png', '1234', 'A', 'N', 'O', NULL, 1, '', '', 'ON', '1', '2019-01-14 23:37:14', '2019-01-24 07:44:33'),
(33, 'Nancy', 'thaKUR', 'hundai1', '/public/uploads/896279949imgdoor_hanger.jpg', 'phpteam3689@gmail.com', '$2y$10$2Ekn91ZJ1bYvyORPVNpN5uST7Zp/.S4Uj1/S.7clYpGRAs9jXY3ti', '', '7696279772', 'test', '174001', '1991-11-02', '', NULL, 'W', 'W', 'O', NULL, 1, '', '', 'OFF', '1', '2019-01-15 01:04:41', '2019-01-15 01:04:41'),
(34, 'Ankur', 'Thakur', 'tata', NULL, 'ankur1@gmail.com', '$2y$10$2Ekn91ZJ1bYvyORPVNpN5uST7Zp/.S4Uj1/S.7clYpGRAs9jXY3ti', '', '9816128289', 'address', '174001', '2019-01-08', '', NULL, 'W', 'W', 'O', '', 1, '', '', 'OFF', '1', '2019-01-21 06:26:00', '2019-01-21 06:26:00'),
(35, 'Parul', 'Bansal', '', '/public/uploads/2085636651img1549618613197.jpg', 'parul@yopmail.com', '$2y$10$7.NG.Zo7ooAi4VR1ueD7kuX7eq73h3apGpxAOFJMxdVH6pNOjM24S', 'UakgwsErO', '8194874253', 'Elante Mall, 178-178A, Purv Marg, Industrial Area Phase I, Chandigarh, 160002, India', '160024', '2000-05-13', '/public/uploads/1634023266attachId1549618613321.jpg', 'clELSQZdK7A:APA91bH8PoJKZrzZyffbmIJt5Qv9ZTsl7rkMKWSG7hRm-wOLRy5p6VuDIaMloOszq68JZeMPDofSz_vDll--MHtrRsQLtusTtaeGfa4UYNJcOAD8bmIpWghkAzEddLfZees4yOFI1AuW', 'A', 'N', 'O', '', 1, '30.7140534', '76.7085688', 'OFF', '1', '2019-01-28 23:54:02', '2019-02-08 03:57:39'),
(36, 'avninder', 'singh', NULL, '/public/uploads/654833251img20195630125642.jpg', 'test@gmail.com', '$2y$10$2Ekn91ZJ1bYvyORPVNpN5uST7Zp/.S4Uj1/S.7clYpGRAs9jXY3ti', '', '2313131233444', 'address', '323123', '1991-02-11', '/public/uploads/2065244382attachId20195630125623.jpg', '12345', 'I', 'N', 'O', NULL, 1, '40', '30', 'ON', '1', '2019-01-29 06:49:28', '2019-01-30 01:56:41'),
(37, 'Raman', NULL, NULL, NULL, 'new@yopmail.com', '$2y$10$2Ekn91ZJ1bYvyORPVNpN5uST7Zp/.S4Uj1/S.7clYpGRAs9jXY3ti', 'cZWSlx3vq', NULL, NULL, NULL, NULL, '', 'dsvsdvdsvdsv', 'I', 'N', 'O', 'T03NdQ3Hhs', 1, '', '', 'OFF', '1', '2019-01-29 23:17:01', '2019-01-29 23:17:01'),
(38, 'Tony', NULL, NULL, NULL, 'ankurthakur333@gmail.com', '$2y$10$2Ekn91ZJ1bYvyORPVNpN5uST7Zp/.S4Uj1/S.7clYpGRAs9jXY3ti', '47SxsKx6i', NULL, NULL, NULL, NULL, '', 'dvsvsedvs324253t5dfsfsdf', 'I', 'N', 'O', NULL, 1, '', '', 'OFF', '1', '2019-01-30 00:28:11', '2019-01-30 00:28:11'),
(39, 'Stark', NULL, 'company12', NULL, 'Abhi@gmail.com', '$2y$10$nuPEhFlewPjIh2j2PE34sOEq4T3eT9gxB7/rq7D4YMtPMtLTSLpGu', '', NULL, NULL, NULL, NULL, '', NULL, 'W', 'W', 'O', NULL, 1, '', '', 'OFF', '1', '2019-01-30 01:28:53', '2019-01-30 01:28:53'),
(40, 'David', NULL, 'company11', NULL, 'ankiee@gmail.com', '$2y$10$KH2y1r.ZXcYz2lEZchn2aeFC3ekphJtuzvV3smyeCLSnbw/vH/bNu', NULL, NULL, NULL, NULL, NULL, '', NULL, 'W', 'W', 'O', NULL, 1, '', '', 'OFF', '1', '2019-02-04 23:16:17', '2019-02-04 23:16:17'),
(41, 'abc', NULL, NULL, NULL, 'ankurthakur11@gmail.com', '$2y$10$2Ekn91ZJ1bYvyORPVNpN5uST7Zp/.S4Uj1/S.7clYpGRAs9jXY3ti', 'k8haAvmfP', NULL, NULL, NULL, NULL, '', 'dvsvsedvs324253t5dfsfsdf', 'A', 'N', 'O', NULL, 1, '', '', 'OFF', '1', '2019-02-05 03:36:12', '2019-02-05 03:36:12'),
(43, 'Isha', 'Sharma', NULL, '/public/uploads/268927372img1549525998155.jpg', 'isha@gmail.com', '$2y$10$2Ekn91ZJ1bYvyORPVNpN5uST7Zp/.S4Uj1/S.7clYpGRAs9jXY3ti', '', '1234567899', 'Mohali', '123456', '2009-02-07', '/public/uploads/740554721attachId1549526034022.jpg', '', '', 'N', 'O', 'ZgETGjegB8', 1, '30.7140537', '76.7085327', 'ON', '1', '2019-02-07 02:13:05', '2019-02-07 02:14:07'),
(44, 'Abc', 'Def', NULL, '/public/uploads/194616822img1549533235378.jpg', 'abc@gmail.com', '$2y$10$2Ekn91ZJ1bYvyORPVNpN5uST7Zp/.S4Uj1/S.7clYpGRAs9jXY3ti', '', '4527378531', 'Chandigarh, Punjab 148023, India', '148545', '2000-02-11', '/public/uploads/329537479attachId1549533283446.jpg', '', '', 'N', 'O', NULL, 1, '30.7140529', '76.7085322', 'ON', '1', '2019-02-07 04:13:50', '2019-02-07 04:14:53'),
(46, 'steeve', NULL, NULL, NULL, 'ankurthakur1111111@gmail.com', '$2y$10$uBnhS8VWMvoz1gDEX3WxPuXkPy.p7rIaO5yxxfkTHsyXhWunv2Giy', '', NULL, NULL, NULL, NULL, '', 'dvsvsedvs324253t5dfsfsdf', 'A', 'N', 'O', NULL, 1, '', '', 'ON', '1', '2019-02-11 05:18:32', '2019-02-11 05:18:32'),
(47, 'jack', NULL, NULL, NULL, 'ankurthakur1123@gmail.com', '$2y$10$E4xsvBi/hI0OxFL2.NtiquuL/jp9s/sAgrMJ1wXeDkBJXwz03JrKG', '', NULL, NULL, NULL, NULL, '', 'dvsvsedvs324253t5dfsfsdf', 'A', 'N', 'O', NULL, 1, '', '', 'ON', '1', '2019-02-11 05:23:14', '2019-02-11 05:23:14'),
(48, 'QQA', 'testing', NULL, '/public/uploads/228356864img1549890603606.jpg', 'qa.testing2220@gmail.com', '$2y$10$jlPSDvfjKKhknJl2huvrMOwGCuh4zcrCtPVl4ZD0GM2uEJKM7P20a', '', '1234667896', 'Delhi,India', NULL, '2000-02-07', '/public/uploads/928601941attachId1549890604151.jpg', 'cAB6zjWyzR0:APA91bE_LqpTr3ZA15wMTwgDAGXrR8N4JZmFqCbOiY5ZcIekmaa_1Rmqq-6FS6GLrx4lO30Q0XaZwYaOtLGak2hDDVwWGvONwIL8Ne_GRP8-5YLAcYv-QNvLdTHKNTwREed4oD4ENzuB', 'A', 'N', 'O', 'DS32Sdnrru', 1, '30.7140513', '76.7085334', 'ON', '1', '2019-02-11 05:27:15', '2019-02-11 13:00:22'),
(49, 'abhi', 'Sharma', NULL, '/public/uploads/1115073213img1549977162751.jpg', 'abcd@gmail.com', '$2y$10$0sRUgnNzXVMcKKaRgoAgp.GrsBtWTK/5065vB6m2hvg1TPzYp6RYG', '', '1111111111', 'SahibzadaAjitSinghNagar,Punjab,India', '160038', '2000-06-08', '/public/uploads/1833998352attachId1549977163336.jpg', '', '', 'N', 'O', NULL, 1, '30.7140574', '76.7085207', 'ON', '1', '2019-02-11 05:27:39', '2019-02-12 13:03:00'),
(50, 'abhisehk12', 'kanwer', NULL, NULL, 'ankurthakur221@gmail.com', '$2y$10$VQQ9DrLJBqRiN8C548ZoCOXCchdezx12ocJXgJydbdGJ/d2NCVCFK', '', '231313123', 'address', '323123', '0000-00-00', '', 'dvsvsedvs324253t5dfsfsdf', 'A', 'N', 'O', NULL, 1, '', '', 'ON', '1', '2019-02-11 05:32:15', '2019-02-13 07:03:36'),
(52, 'Harrycane', 'Watson', NULL, '/public/uploads/247446013img1549868523817.jpg', 'harry@yopmail.com', '$2y$10$P6H2CcHueDSL.doNezsr0uotuFKn2NUe2W8egVaPem4pG5awcx91W', '', '9592234455', 'Mohali Stadium Rd, Phase 3B-1, Sector 60, Sahibzada Ajit Singh Nagar, Punjab, India', NULL, '2000-02-29', '/public/uploads/1393980003attachId1549868741274.jpg', 'cNj7wYzBVtU:APA91bEr8GDHj-af1F9mDs7Q2eilu8WHn3Xc_4hn5_-2QFcr7eOy-NkeUB0AwAT_pu563dGqALJz7sr-OQjzxOKvsBeRA77FoCWFxCo21BJEigbLzXWoVgr7y9JzPWLCTnuiPjFD9lYk', 'I', 'N', 'O', 'RvJzfYPtOV', 1, '30.714005416751764', '30.714005416751764', 'ON', '1', '2019-02-11 07:01:24', '2019-02-11 07:05:51'),
(53, 'Harrpoter', 'Thomas', NULL, '/public/uploads/139776402img20193709063705.jpg', 'iphone@yopmail.com', '$2y$10$WpF56D9Ms.TrYwYtk4CVJeKgBvsGhnMnFgwhKRy83cBwL7duleKF.', '', '9592234455', NULL, NULL, NULL, '', 'cNj7wYzBVtU:APA91bEr8GDHj-af1F9mDs7Q2eilu8WHn3Xc_4hn5_-2QFcr7eOy-NkeUB0AwAT_pu563dGqALJz7sr-OQjzxOKvsBeRA77FoCWFxCo21BJEigbLzXWoVgr7y9JzPWLCTnuiPjFD9lYk', 'I', 'N', 'O', NULL, 1, '', '', 'ON', '1', '2019-02-12 09:21:23', '2019-02-12 09:22:46'),
(54, 'harry', 'Watson', NULL, '/public/uploads/1385681339img20194109064113.jpg', 'harrya@yopmail.com', '$2y$10$XLElZCIVEpWS5p6TmJP5/.7N0Vh52grW1B52lbaKit1b0EhFrlsf2', '', '9592234455', 'Mohali', '107789', '2019-09-02', '', 'cNj7wYzBVtU:APA91bEr8GDHj-af1F9mDs7Q2eilu8WHn3Xc_4hn5_-2QFcr7eOy-NkeUB0AwAT_pu563dGqALJz7sr-OQjzxOKvsBeRA77FoCWFxCo21BJEigbLzXWoVgr7y9JzPWLCTnuiPjFD9lYk', 'I', 'N', 'O', NULL, 1, '', '', 'ON', '1', '2019-02-12 09:25:57', '2019-02-12 09:26:55'),
(56, 'robin', 'Watson', NULL, '/public/uploads/1970281901img20192709072724.jpg', 'r@yopmail.com', '$2y$10$ThcDG0C02hskan1RL75hHeqNAsf1n2w6KBN3/0YCPt1VDQsePzFW6', '', '9592234455', NULL, NULL, NULL, '', 'cNj7wYzBVtU:APA91bEr8GDHj-af1F9mDs7Q2eilu8WHn3Xc_4hn5_-2QFcr7eOy-NkeUB0AwAT_pu563dGqALJz7sr-OQjzxOKvsBeRA77FoCWFxCo21BJEigbLzXWoVgr7y9JzPWLCTnuiPjFD9lYk', 'I', 'N', 'O', NULL, 1, '', '', 'ON', '1', '2019-02-12 10:11:00', '2019-02-12 10:13:06'),
(59, 'tteted', 'hhhhhjhhj', NULL, '/public/uploads/1467037538img1549968691439.jpg', 'robin@yopmail.com', '$2y$10$jKJWxtYEU0svM9d48kw72uZvdzkVUgFv95XGS97ovGAUOTu.77DlC', '', '86565655545454', 'MohaliStadiumRd,Phase3B-1,Sector60,SahibzadaAjitSinghNagar,Punjab,India', NULL, '0000-00-00', '/public/uploads/1184823437attachId1549968667221.jpg', 'fP-HfeFdimM:APA91bEnIEm8zrpGVZu5NbOHBH_PhxbOdb-X1yMS8iPeCwv0VuvYsVREOew3CMvoUNDeT8WcTdiYZaLY3iI1w_gXOgQPkKLy8AeBEjs_AueP7g8FhML2mae9mUH1XPUYsa-BWAy7BEme', 'A', 'N', 'O', NULL, 1, '30.7140521', '76.7085339', 'ON', '1', '2019-02-12 10:31:23', '2019-02-12 10:52:10'),
(61, 'Richard', 'qwerty', NULL, '/public/uploads/465367407img1549972547332.jpg', 'richard1@yopmail.com', '$2y$10$gIEW2d5YfaorNWzRTMjrt.BwCnQF3fg2Z3/WwK/aHvvbIWDcAmFsC', '', '8194849818414', 'SahibzadaAjitSinghNagar,Punjab,India', '8494489', '0000-00-00', '', 'cS6uIDbdmYg:APA91bGbIU6J-Bg2AqZhwOVqRg3OvGW93p9jq9rGNHSJp5sNxSDfwvN-Ip_hAjFUsVHseEVYxA6jGr9UB9Yn9Ws6wCQNF__kjInNvdwrTBT0TZ514tvBbPr87JnaIP8EGaxMr4unI1jr', 'A', 'N', 'O', NULL, 1, '30.714059', '76.708521', 'ON', '1', '2019-02-12 10:45:31', '2019-02-12 11:46:29'),
(63, 'Avninder', 'Singh', NULL, '/public/uploads/635183125img20192913102919.jpg', 'avninder@yopmail.com', '$2y$10$v4xf/W7cZ5t4TJiyBFuONeAZkL9rbYNdYIe/Ns8zyK2Ha8c0InKjG', '', '9876543210', 's adds s', '160202', '0000-00-00', '/public/uploads/538350825attachId20192913102919.jpg', '', '', 'N', 'O', NULL, 1, '30.7046', '30.7046', 'ON', '1', '2019-02-13 04:58:25', '2019-02-13 04:59:25'),
(65, 'jack', 'wwo', NULL, '/public/uploads/1439920646img1550036017698.jpg', 'jack@yopmail.com', '$2y$10$YoRHW8/lT78N0tWhIteiouyjxvF8dK/xT4A0xkhjq08Z6PH1/HU6y', '', '9592234455', NULL, NULL, '0000-00-00', '', 'cQX6ZC-P70I:APA91bFzJsJERk_lxj2msZRbSDQ8_aJiJZllNQyx-0uX8Kr3ylVKRbAhCo8i7A0CjuFN0mSRrT9SGUXMMa9ypn9Nzt8QjqBLTrg49wma5qcgIKwJe93isUInVf2K-hv5jGDVnp90NH-N', 'A', 'N', 'O', NULL, 1, '30.7140536', '76.7085352', 'ON', '1', '2019-02-13 05:32:34', '2019-02-13 05:34:09'),
(69, 'rick', 'lle', NULL, '/public/uploads/512679000img1550048694534.jpg', 'android@yopmail.com', '$2y$10$PclRs2np7wTgMfDU/zktleZrlyFS6.8d67ME2onrv8B4S3l2Jk5XG', '', '3564898956', NULL, NULL, '0000-00-00', '', 'cQX6ZC-P70I:APA91bFzJsJERk_lxj2msZRbSDQ8_aJiJZllNQyx-0uX8Kr3ylVKRbAhCo8i7A0CjuFN0mSRrT9SGUXMMa9ypn9Nzt8QjqBLTrg49wma5qcgIKwJe93isUInVf2K-hv5jGDVnp90NH-N', 'A', 'N', 'O', NULL, 1, '30.7140536', '76.7085335', 'OFF', '1', '2019-02-13 09:04:19', '2019-02-13 09:06:31'),
(70, 'martin', 'watson', NULL, '/public/uploads/1966010033img20194013024056.jpg', 'iphonee@yopmail.com', '$2y$10$o98szN6uVyqcv/Tn8lGAOelLUxZ.Bj6rOAu9NdWU.B1m.fJ8qJwUW', 'sfdsgdsgds', '9592234466', NULL, NULL, NULL, '', '', '', 'N', 'O', '', 1, '30.7140531', '76.7085337', 'OFF', '1', '2019-02-13 09:04:29', '2019-02-13 09:10:56'),
(72, 'a', 's', NULL, '/public/uploads/1409062845img20195313035311.jpg', 'as@yopmail.com', '$2y$10$6nwz.w33U3/TqY6cXYcZguOcYDRAccNfvDoA2h1JDGe/e6CupxbQG', '0vXXpHkdS', '1231231231231', NULL, NULL, '1996-02-13', '/public/uploads/523710311attachId20194913034918.jpg', 'ejekYe4RJYk:APA91bFW5b-DayMLKQekHizHBmOVHfa4Cm1-JNVuvYItIYFKMwoGy2Dnk4DhCjxlW1O1UtwA72tQHIPHHrTbJ-j1mz6j2uJ_SD6ljSKlGhQ3WkXUHEdzUJaFEgvGpJpDwSZ2Wop5CSdq', 'I', 'N', 'O', NULL, 1, '', '', 'OFF', '1', '2019-02-13 10:18:10', '2019-02-13 10:23:12'),
(73, 'jack', 'watson', NULL, '/public/uploads/518807592img20191513051517.jpg', 'Jackq@yopmail.com', '$2y$10$iIpToA155BJcUDSctXx1OOOa/S9BzElsCtnkO4ZJw9eCaMPtRSdjW', 'ZZCyLYcJ7', '9592234455', NULL, NULL, NULL, '', 'fibsNXmz3N8:APA91bFnbOK4DOK2YbD7XjOWv1VhVz2qJArlHNUvJHzFl578PhjfqlvwdHRFVFUdAJgGepFeUdQVWPTvImLX0SPIK-CYAxH-LvYqjjh7E_kbvr-GoJIOl-eceBG91o-PUAD1cZJwBIBb', 'I', 'N', 'O', NULL, 1, '', '', 'OFF', '1', '2019-02-13 11:44:58', '2019-02-13 11:45:18'),
(76, 'pari', 'bansalfdg', NULL, '/public/uploads/656375573img1550551059624.jpg', 'parull@gmail.com', '$2y$10$B2vsEpErsfwEhy0oplYFIOeIP.BJSMeYeNDiy4r72eFYuOwsxGuuO', 'sfdsgdsgds', '84949884944', 'SahibzadaAjitSinghNagar,Punjab,India', '160085', '2000-02-20', '/public/uploads/1561851972attachId1550551110656.jpg', '', '', 'N', 'O', NULL, 1, '30.7140154', '76.7085216', 'OFF', '1', '2019-02-19 04:27:36', '2019-02-19 04:28:45'),
(77, 'Sam', 'Bedair', NULL, '/public/uploads/130189919imgIMG_20181130_154239.jpg', 'samirakle@gmail.com', '$2y$10$LuL0yBv.3tK09zZNgABNw.sozsFzjO/v0SBmdsN6EMub9gbEQxwvK', 'PaNyK8dih', '8179395848', NULL, NULL, '0000-00-00', '', 'fSgKrXbVTAs:APA91bHje6HVR9WEiUCftS-z08L-oOZ0wwXo4dNgFMOa-9YJwZ5nfdEJSB5YgpMup3w1tBGxGnNLGsJgTbzlewzjHHGLg-zZPPwtgKKVahIhx89MjIaF2ZwCzJTJNhoecCx0YqawBpYG', 'A', 'N', 'O', '', 1, '32.7025833', '-97.1196711', 'OFF', '1', '2019-02-19 04:38:25', '2019-02-19 04:39:10'),
(78, 'Charl', 'Sharma', NULL, '/public/uploads/77826555img1551680306860.jpg', 'charlie@yopmail.com', '$2y$10$mtFjSKYMo/n4wmyXC2d4VeRQ8ZXJREB4teDfwvD/BXBk226M1R4oy', 'uFwpG5nta', '1234659845', 'SahibzadaAjit', '160052', '2000-02-01', '/public/uploads/200849810attachId1551680292853.jpg', 'cRCV9W9mWh8:APA91bGn7RMnfSoXVs_452y9vmbQc8zbbSFSrYrPA37Qr37xTdSGznyOxFEIFKTah9U1sj4HVnQ6OxO3VJsBp_YSF63FKLQ2XEAPCoysmOqwMqbJnbHg3Aa1to1_AmNLU4TUFuskuTAf', 'A', 'N', 'O', NULL, 1, '30.7140126', '76.7085037', 'OFF', '1', '2019-02-19 04:48:19', '2019-03-04 06:18:29'),
(83, 'Avni', 'Sidhu', NULL, '/public/uploads/1027204499img20195419055420.jpg', 'avi@yopmail.com', '$2y$10$RuwubbkrL57XAqF/1cHYJOl06cR/TJvg5Sqjg9J0H50fn4fzYR4q2', 'opzGrIIg3', '9779877880', NULL, NULL, NULL, '', 'cVzhYTvDVx4:APA91bFifYJQ7tG2WAf3k7icVrNYrVSr5W_m_DibbwXf6Qib7KasdhacM9O9ciEyD1EHQw0dd3OdpVO0RxWNhF2CuGX_vkOpstfza_ETwGlL-Xh1s1bKNrDbgnCY3_FaPzbmGUwwgDk4', 'I', 'N', 'O', NULL, 1, '30.71393532045431', '76.70860118962212', 'OFF', '1', '2019-03-04 06:35:31', '2019-04-19 08:24:20'),
(85, 'iOS', 'user', NULL, '/public/uploads/974319415img20192702122705.jpg', 'ios@yopmail.com', '$2y$10$uYpo25f1qpb9y/2S8GsFL.Wqinyu.3xgrF/QwbpqTGr5LEyVYZFg6', 'sfdsgdsgds', '9876543210', NULL, NULL, NULL, '', '', '', 'N', 'O', NULL, 1, '', '', 'OFF', '1', '2019-04-02 02:56:38', '2019-04-02 02:57:07'),
(86, 'View', 'Sonic', 'Britannia', '/public/uploads/1206706772imgadult-american-analyzing-1059111.jpg', 'test@yopmail.com', '$2y$10$llzO3DXRF83qRaK1XzHAiO3luQBlOzJX747XenCXIX7mUo4rxcU4u', '658YriNUSdO5ww4SOjA64zc1G4HaLbaCqFj204ZXziSUG1i97M7d5xUMMfd4', '9988222969', 'sdfsdf', '1111', NULL, '', NULL, 'W', 'W', 'O', '', 1, '', '', 'OFF', '1', '2019-04-11 03:23:09', '2019-04-11 03:23:09'),
(87, 'Parul', 'Chopra', NULL, '/public/uploads/1844615974imgIMG-20190407-WA0051.jpg', 'parul@yopmail.com', '$2y$10$ZeXdlO5keEMz5ghWsYoqdupE.GPUD/G/.BMuEJLTtQ3ft7MZjrpzm', 'lvfxIMpq8', '8154349464964', 'SahibzadaAjitSinghNagar,Punjab,India', '160036', '2001-04-24', '/public/uploads/1666267932attachId1554968190751.jpg', 'fbdrKoZuxoI:APA91bFwSJ3jbIktjoU9hSlfq6PMCk3R15OLi7yZIEIKRTcHu3kW5ZU4k6UagMoGeM-W05_kvQODM2PSbt9xL92T3Qz6NARBE-ySTRbIk1SmzyYOdt8ZrNCqjgwuRdFsMRkm3KobA__A', 'I', 'N', 'O', '8kcic2ERDR', 1, '30.71393637769591', '76.70860748006896', 'OFF', '1', '2019-04-11 03:35:50', '2019-04-11 03:36:37'),
(94, 'Isha', 'sharma', NULL, '/public/uploads/1495520175img1555653099956.jpg', 'isha@yopmail.com', '$2y$10$LUqg6P8iYm7rTn08GwZPwOrNx7jRUk3sB5oPSgcVTSaRS6/gqq2aq', 'sfdsgdsgds', '8164949184', NULL, '160025', '2000-04-04', '/public/uploads/1502615772attachIdIMG-20190417-WA0000.jpg', '', '', 'N', 'O', NULL, 1, '30.7140438', '76.7084988', 'OFF', '1', '2019-04-19 01:51:34', '2019-04-19 01:52:07'),
(95, 'neha', 'sharma', NULL, '/public/uploads/1914467600img1555660592687.jpg', 'neha@yopmail.com', '$2y$10$88QZ6yENzsg6Zl4kdxbkleoWFoqW5rWlJM5H9851e4eGBrwqEYYS.', '2ByU09BCT', '19649196677', NULL, '10085', '2000-04-15', '/public/uploads/592467519attachId1555660579426.jpg', 'ckE8On2LH3I:APA91bFtYc-yCEMkYaHlsYIC7S-ORAqk7xyI70V8OdarULyZDa0xHOxCkZcxhoCBOzBxzEULukwe-GX5eEAUHVCbUMikPjkTaKUq4dpLMuaZDWMPuRNqjruTJCvehSHSw2IKzDvRiQcW', 'A', 'N', 'O', NULL, 0, '30.7140433', '76.7084988', 'OFF', '1', '2019-04-19 01:54:52', '2019-04-19 03:56:37'),
(96, 'Joni', 'Watson', NULL, '/public/uploads/409512297img20194819034839.jpg', 'jojo@yopmail.com', '$2y$10$lOvoUsII6qBfzJezosCc0uE4ptD91ZL9PDi642HMHj.WVAZ7HJ1Ai', 'd3W3e4UrX', '9592234455', NULL, NULL, '1998-04-19', '/public/uploads/929293975attachId20194819034839.jpg', 'e68_fc04sJk:APA91bGhNW_FUSL_geKEiFMhqKDXy2eJ6EJBMFenzI1UjaB577HV0XEMA9mBJ9MYJn0Q5uykCYaHqSyBTKb3iGt1lQz5lTCFxfD4ahkCTIkoLRAbUA7B84m95_djXimbyqNl7Rh7T55W', 'I', 'N', 'O', NULL, 1, '30.713963708390303', '76.7086401326743', 'OFF', '1', '2019-04-19 06:18:08', '2019-04-19 06:18:41'),
(104, 'Rose', 'WaWat', NULL, '/public/uploads/1754933306img1559129585513.jpg', 'Rose@yopmail.com', '$2y$10$xrmK93MzzecL9FYCUGW8K.DGzDZexKsEI3zRAM4Bl4nvx0g3C4E.6', '4BWdF1LA7', '9592234455', NULL, NULL, '0000-00-00', '', 'dEXkmC7DkR0:APA91bGnoeOJORK-CyKbAz9u6n5b459TAklrrIrGleHfRcOLBQqfJH5iFCnAzTt4kGUYqa71duzL6cCLJ15lx32jMhQ8V6xxbE29jPaqFwySF_EDM5kxJbn1mEp-d-WKLNsp5wamIOW4', 'A', 'N', 'O', NULL, 1, '30.7140624', '76.7085514', 'OFF', '1', '2019-05-29 07:32:52', '2019-05-29 07:33:38'),
(105, NULL, NULL, 'testabc.com', '/public/uploads/26689961imgwp2429386.jpg', 'phpteam366@gmail.com', '$2y$10$0exRbTrM37F3UQTQkWAmde8OuD/o3lCzBAa/ixFOVJz7Uug9f905i', NULL, '9988222976', 'mohali', '100064', NULL, '', NULL, 'W', 'W', 'O', NULL, 1, '', '', 'OFF', '1', '2019-06-17 07:33:15', '2019-06-17 07:33:15');

--
-- Indexes for dumped tables
--

--
-- Indexes for table `contactuses`
--
ALTER TABLE `contactuses`
  ADD PRIMARY KEY (`id`);

--
-- Indexes for table `contact_infos`
--
ALTER TABLE `contact_infos`
  ADD PRIMARY KEY (`id`),
  ADD KEY `user_id` (`user_id`);

--
-- Indexes for table `customers`
--
ALTER TABLE `customers`
  ADD PRIMARY KEY (`id`),
  ADD KEY `user_id` (`user_id`);

--
-- Indexes for table `door_hangers`
--
ALTER TABLE `door_hangers`
  ADD PRIMARY KEY (`id`);

--
-- Indexes for table `home_about`
--
ALTER TABLE `home_about`
  ADD PRIMARY KEY (`id`);

--
-- Indexes for table `home_sliders`
--
ALTER TABLE `home_sliders`
  ADD PRIMARY KEY (`id`);

--
-- Indexes for table `jobs`
--
ALTER TABLE `jobs`
  ADD PRIMARY KEY (`id`);

--
-- Indexes for table `job_clients`
--
ALTER TABLE `job_clients`
  ADD PRIMARY KEY (`id`),
  ADD KEY `user_id` (`user_id`),
  ADD KEY `job_id` (`job_id`);

--
-- Indexes for table `job_images`
--
ALTER TABLE `job_images`
  ADD PRIMARY KEY (`id`),
  ADD KEY `job_id` (`job_id`),
  ADD KEY `job_id_2` (`job_id`);

--
-- Indexes for table `job_locations`
--
ALTER TABLE `job_locations`
  ADD PRIMARY KEY (`id`),
  ADD KEY `job_id` (`job_id`);

--
-- Indexes for table `job_requests`
--
ALTER TABLE `job_requests`
  ADD PRIMARY KEY (`id`),
  ADD KEY `job_id` (`job_id`),
  ADD KEY `user_id` (`user_id`);

--
-- Indexes for table `migrations`
--
ALTER TABLE `migrations`
  ADD PRIMARY KEY (`id`);

--
-- Indexes for table `notifications`
--
ALTER TABLE `notifications`
  ADD PRIMARY KEY (`id`),
  ADD KEY `user_id` (`user_id`),
  ADD KEY `job_id` (`job_id`);

--
-- Indexes for table `password_resets`
--
ALTER TABLE `password_resets`
  ADD KEY `password_resets_email_index` (`email`(191));

--
-- Indexes for table `reports`
--
ALTER TABLE `reports`
  ADD PRIMARY KEY (`id`),
  ADD KEY `reporter_name` (`reporter_id`),
  ADD KEY `reportable_name` (`reportable_id`);

--
-- Indexes for table `static_pages`
--
ALTER TABLE `static_pages`
  ADD PRIMARY KEY (`id`);

--
-- Indexes for table `submit_flyers`
--
ALTER TABLE `submit_flyers`
  ADD PRIMARY KEY (`id`),
  ADD KEY `user_id` (`date`),
  ADD KEY `request_id` (`job_id`),
  ADD KEY `request_id_2` (`job_id`),
  ADD KEY `user_id_2` (`date`);

--
-- Indexes for table `users`
--
ALTER TABLE `users`
  ADD PRIMARY KEY (`id`);

--
-- AUTO_INCREMENT for dumped tables
--

--
-- AUTO_INCREMENT for table `contactuses`
--
ALTER TABLE `contactuses`
  MODIFY `id` int(11) NOT NULL AUTO_INCREMENT, AUTO_INCREMENT=5;

--
-- AUTO_INCREMENT for table `contact_infos`
--
ALTER TABLE `contact_infos`
  MODIFY `id` int(11) NOT NULL AUTO_INCREMENT, AUTO_INCREMENT=17;

--
-- AUTO_INCREMENT for table `customers`
--
ALTER TABLE `customers`
  MODIFY `id` int(11) NOT NULL AUTO_INCREMENT, AUTO_INCREMENT=23;

--
-- AUTO_INCREMENT for table `door_hangers`
--
ALTER TABLE `door_hangers`
  MODIFY `id` int(11) NOT NULL AUTO_INCREMENT, AUTO_INCREMENT=14;

--
-- AUTO_INCREMENT for table `home_about`
--
ALTER TABLE `home_about`
  MODIFY `id` int(11) NOT NULL AUTO_INCREMENT, AUTO_INCREMENT=4;

--
-- AUTO_INCREMENT for table `home_sliders`
--
ALTER TABLE `home_sliders`
  MODIFY `id` int(11) NOT NULL AUTO_INCREMENT, AUTO_INCREMENT=8;

--
-- AUTO_INCREMENT for table `jobs`
--
ALTER TABLE `jobs`
  MODIFY `id` int(10) NOT NULL AUTO_INCREMENT, AUTO_INCREMENT=120;

--
-- AUTO_INCREMENT for table `job_clients`
--
ALTER TABLE `job_clients`
  MODIFY `id` int(11) NOT NULL AUTO_INCREMENT, AUTO_INCREMENT=53;

--
-- AUTO_INCREMENT for table `job_images`
--
ALTER TABLE `job_images`
  MODIFY `id` int(11) NOT NULL AUTO_INCREMENT;

--
-- AUTO_INCREMENT for table `job_locations`
--
ALTER TABLE `job_locations`
  MODIFY `id` int(11) NOT NULL AUTO_INCREMENT, AUTO_INCREMENT=991;

--
-- AUTO_INCREMENT for table `job_requests`
--
ALTER TABLE `job_requests`
  MODIFY `id` int(11) NOT NULL AUTO_INCREMENT, AUTO_INCREMENT=326;

--
-- AUTO_INCREMENT for table `migrations`
--
ALTER TABLE `migrations`
  MODIFY `id` int(10) UNSIGNED NOT NULL AUTO_INCREMENT, AUTO_INCREMENT=18;

--
-- AUTO_INCREMENT for table `notifications`
--
ALTER TABLE `notifications`
  MODIFY `id` int(11) NOT NULL AUTO_INCREMENT, AUTO_INCREMENT=565;

--
-- AUTO_INCREMENT for table `reports`
--
ALTER TABLE `reports`
  MODIFY `id` int(11) NOT NULL AUTO_INCREMENT, AUTO_INCREMENT=2;

--
-- AUTO_INCREMENT for table `static_pages`
--
ALTER TABLE `static_pages`
  MODIFY `id` int(11) NOT NULL AUTO_INCREMENT, AUTO_INCREMENT=5;

--
-- AUTO_INCREMENT for table `submit_flyers`
--
ALTER TABLE `submit_flyers`
  MODIFY `id` int(11) NOT NULL AUTO_INCREMENT, AUTO_INCREMENT=30;

--
-- AUTO_INCREMENT for table `users`
--
ALTER TABLE `users`
  MODIFY `id` int(10) NOT NULL AUTO_INCREMENT, AUTO_INCREMENT=106;

--
-- Constraints for dumped tables
--

--
-- Constraints for table `contact_infos`
--
ALTER TABLE `contact_infos`
  ADD CONSTRAINT `contact_infos_ibfk_1` FOREIGN KEY (`user_id`) REFERENCES `users` (`id`) ON DELETE CASCADE ON UPDATE CASCADE;

--
-- Constraints for table `customers`
--
ALTER TABLE `customers`
  ADD CONSTRAINT `customers_ibfk_1` FOREIGN KEY (`user_id`) REFERENCES `users` (`id`) ON DELETE CASCADE ON UPDATE CASCADE;

--
-- Constraints for table `job_clients`
--
ALTER TABLE `job_clients`
  ADD CONSTRAINT `job_clients_ibfk_1` FOREIGN KEY (`user_id`) REFERENCES `users` (`id`) ON DELETE CASCADE ON UPDATE CASCADE,
  ADD CONSTRAINT `job_clients_ibfk_2` FOREIGN KEY (`job_id`) REFERENCES `jobs` (`id`) ON DELETE CASCADE ON UPDATE CASCADE;

--
-- Constraints for table `job_images`
--
ALTER TABLE `job_images`
  ADD CONSTRAINT `job_images_ibfk_1` FOREIGN KEY (`job_id`) REFERENCES `jobs` (`id`) ON DELETE CASCADE ON UPDATE CASCADE;

--
-- Constraints for table `job_locations`
--
ALTER TABLE `job_locations`
  ADD CONSTRAINT `job_locations_ibfk_1` FOREIGN KEY (`job_id`) REFERENCES `jobs` (`id`) ON DELETE CASCADE ON UPDATE CASCADE;

--
-- Constraints for table `job_requests`
--
ALTER TABLE `job_requests`
  ADD CONSTRAINT `job_requests_ibfk_1` FOREIGN KEY (`job_id`) REFERENCES `jobs` (`id`) ON DELETE CASCADE ON UPDATE CASCADE,
  ADD CONSTRAINT `job_requests_ibfk_2` FOREIGN KEY (`user_id`) REFERENCES `users` (`id`) ON DELETE CASCADE ON UPDATE CASCADE;

--
-- Constraints for table `notifications`
--
ALTER TABLE `notifications`
  ADD CONSTRAINT `notifications_ibfk_1` FOREIGN KEY (`user_id`) REFERENCES `users` (`id`) ON DELETE CASCADE ON UPDATE CASCADE,
  ADD CONSTRAINT `notifications_ibfk_2` FOREIGN KEY (`job_id`) REFERENCES `jobs` (`id`) ON DELETE CASCADE ON UPDATE CASCADE;

--
-- Constraints for table `reports`
--
ALTER TABLE `reports`
  ADD CONSTRAINT `reports_ibfk_1` FOREIGN KEY (`reporter_id`) REFERENCES `users` (`id`) ON DELETE CASCADE ON UPDATE CASCADE,
  ADD CONSTRAINT `reports_ibfk_2` FOREIGN KEY (`reportable_id`) REFERENCES `users` (`id`) ON DELETE CASCADE ON UPDATE CASCADE;

--
-- Constraints for table `submit_flyers`
--
ALTER TABLE `submit_flyers`
  ADD CONSTRAINT `submit_flyers_ibfk_2` FOREIGN KEY (`job_id`) REFERENCES `jobs` (`id`) ON DELETE CASCADE ON UPDATE CASCADE;
COMMIT;

/*!40101 SET CHARACTER_SET_CLIENT=@OLD_CHARACTER_SET_CLIENT */;
/*!40101 SET CHARACTER_SET_RESULTS=@OLD_CHARACTER_SET_RESULTS */;
/*!40101 SET COLLATION_CONNECTION=@OLD_COLLATION_CONNECTION */;
